BSA #,SiteName,Date,SetTime_min,FlowMeterBegin,FlowMeterEnd,Rotations,MeshSize,RingSize_cm,TotalVolume_ml,Subsampled_ml,ID,Count,#ofSubsample,Taxa,ugC.ind,Total.Biomass,Entered by,Date,QC'ed by,Date,,,,,
22,RV,1/14/2021,5,891970,892595,625,150,50,59,2.5,Rotifers,7,1,,,,NK,1/20/2022,AB,1/21/2022,,,,,
22,RV,1/14/2021,5,891970,892595,625,150,50,59,2.5,Barnacles ,0,0,,,,NK,1/20/2022,AB,1/21/2022,,,,,
22,RV,1/14/2021,5,891970,892595,625,150,50,59,2.5,Copepod nauplii ,167,1,,,,NK,1/20/2022,AB,1/21/2022,,,,,
22,RV,1/14/2021,5,891970,892595,625,150,50,59,2.5,Ostracods,2,1,,,,NK,1/20/2022,AB,1/21/2022,,,,,
22,RV,1/14/2021,5,891970,892595,625,150,50,59,0.25,Acanthocyclops vernalis adult,1,1,,,,NK,1/20/2022,AB,1/21/2022,,,,,
22,RV,1/14/2021,5,891970,892595,625,150,50,59,0.25,Acanthocyclops sp.,0,0,,,,NK,1/20/2022,AB,1/21/2022,,,,,
22,RV,1/14/2021,5,891970,892595,625,150,50,59,0.25,Cyclopoid adult,0,0,,,,NK,1/20/2022,AB,1/21/2022,,,,,
22,RV,1/14/2021,5,891970,892595,625,150,50,59,0.25,Cyclopoid copepodid,27,1,,,,NK,1/20/2022,AB,1/21/2022,,,,,
22,RV,1/14/2021,5,891970,892595,625,150,50,59,0.25,Diacyclops thomasi,0,0,,,,NK,1/20/2022,AB,1/21/2022,,,,,
22,RV,1/14/2021,5,891970,892595,625,150,50,59,0.25,Ectocyclops phaleratus,0,0,,,,NK,1/20/2022,AB,1/21/2022,,,,,
22,RV,1/14/2021,5,891970,892595,625,150,50,59,0.25,Eucyclops,0,0,,,,NK,1/20/2022,AB,1/21/2022,,,,,
22,RV,1/14/2021,5,891970,892595,625,150,50,59,0.25,Ergasilus spp.,0,0,,,,NK,1/20/2022,AB,1/21/2022,,,,,
22,RV,1/14/2021,5,891970,892595,625,150,50,59,0.25,Eucyclops pectinifer,1,1,,,,NK,1/20/2022,AB,1/21/2022,,,,,
22,RV,1/14/2021,5,891970,892595,625,150,50,59,0.25,Limnoithona copepodid,0,0,,,,NK,1/20/2022,AB,1/21/2022,,,,,
22,RV,1/14/2021,5,891970,892595,625,150,50,59,0.25,Limnoithona sinensis,0,0,,,,NK,1/20/2022,AB,1/21/2022,,,,,
22,RV,1/14/2021,5,891970,892595,625,150,50,59,0.25,Limnoithona spp.,0,0,,,,NK,1/20/2022,AB,1/21/2022,,,,,
22,RV,1/14/2021,5,891970,892595,625,150,50,59,0.25,Limnoithona tetraspina,0,0,,,,NK,1/20/2022,AB,1/21/2022,,,,,
22,RV,1/14/2021,5,891970,892595,625,150,50,59,0.25,Macrocyclops albidus,0,0,,,,NK,1/20/2022,AB,1/21/2022,,,,,
22,RV,1/14/2021,5,891970,892595,625,150,50,59,0.25,Mesocyclops edax,0,0,,,,NK,1/20/2022,AB,1/21/2022,,,,,
22,RV,1/14/2021,5,891970,892595,625,150,50,59,0.25,Microcyclops rubellus,0,0,,,,NK,1/20/2022,AB,1/21/2022,,,,,
22,RV,1/14/2021,5,891970,892595,625,150,50,59,0.25,Monospilus,0,0,,,,NK,1/20/2022,AB,1/21/2022,,,,,
22,RV,1/14/2021,5,891970,892595,625,150,50,59,0.25,Oithona copepodid,0,0,,,,NK,1/20/2022,AB,1/21/2022,,,,,
22,RV,1/14/2021,5,891970,892595,625,150,50,59,0.25,Oithona davisae,0,0,,,,NK,1/20/2022,AB,1/21/2022,,,,,
22,RV,1/14/2021,5,891970,892595,625,150,50,59,0.25,Oithona similis,0,0,,,,NK,1/20/2022,AB,1/21/2022,,,,,
22,RV,1/14/2021,5,891970,892595,625,150,50,59,0.25,Oithona spp. ,0,0,,,,NK,1/20/2022,AB,1/21/2022,,,,,
22,RV,1/14/2021,5,891970,892595,625,150,50,59,0.25,Paracyclops spp.,0,0,,,,NK,1/20/2022,AB,1/21/2022,,,,,
22,RV,1/14/2021,5,891970,892595,625,150,50,59,0.25,Acartia copepodid,0,0,,,,NK,1/20/2022,AB,1/21/2022,,,,,
22,RV,1/14/2021,5,891970,892595,625,150,50,59,0.25,Acartia spp.,0,0,,,,NK,1/20/2022,AB,1/21/2022,,,,,
22,RV,1/14/2021,5,891970,892595,625,150,50,59,0.25,Acartiella copepodid,0,0,,,,NK,1/20/2022,AB,1/21/2022,,,,,
22,RV,1/14/2021,5,891970,892595,625,150,50,59,0.25,Acartiella sinensis ,0,0,,,,NK,1/20/2022,AB,1/21/2022,,,,,
22,RV,1/14/2021,5,891970,892595,625,150,50,59,0.25,Calanoid copepodid,124,1,,,,NK,1/20/2022,AB,1/21/2022,,,,,
22,RV,1/14/2021,5,891970,892595,625,150,50,59,0.25,Diaptomus copepodid,0,0,,,,NK,1/20/2022,AB,1/21/2022,,,,,
22,RV,1/14/2021,5,891970,892595,625,150,50,59,0.25,Diaptomus spp.,0,0,,,,NK,1/20/2022,AB,1/21/2022,,,,,
22,RV,1/14/2021,5,891970,892595,625,150,50,59,0.25,Eurytemora affinis adult,14,1,,,,NK,1/20/2022,AB,1/21/2022,,,,,
22,RV,1/14/2021,5,891970,892595,625,150,50,59,0.25,Eurytemora affinis copepodid,0,0,,,,NK,1/20/2022,AB,1/21/2022,,,,,
22,RV,1/14/2021,5,891970,892595,625,150,50,59,0.25,Leptodiaptomus siciloides,0,0,,,,NK,1/20/2022,AB,1/21/2022,,,,,
22,RV,1/14/2021,5,891970,892595,625,150,50,59,0.25,Osphranticum copepodid,0,0,,,,NK,1/20/2022,AB,1/21/2022,,,,,
22,RV,1/14/2021,5,891970,892595,625,150,50,59,0.25,Osphranticum labronectum,0,0,,,,NK,1/20/2022,AB,1/21/2022,,,,,
22,RV,1/14/2021,5,891970,892595,625,150,50,59,0.25,Pseudodiaptomus forbesi adult,18,1,,,,NK,1/20/2022,AB,1/21/2022,,,,,
22,RV,1/14/2021,5,891970,892595,625,150,50,59,0.25,Pseudodiaptomus forbesi copepodid,0,0,,,,NK,1/20/2022,AB,1/21/2022,,,,,
22,RV,1/14/2021,5,891970,892595,625,150,50,59,0.25,Sinocalanus doerrii adult ,0,0,,,,NK,1/20/2022,AB,1/21/2022,,,,,
22,RV,1/14/2021,5,891970,892595,625,150,50,59,0.25,Sinocalanus doerrii copepodid,0,0,,,,NK,1/20/2022,AB,1/21/2022,,,,,
22,RV,1/14/2021,5,891970,892595,625,150,50,59,0.25,Skistodiaptomus pallidus,0,0,,,,NK,1/20/2022,AB,1/21/2022,,,,,
22,RV,1/14/2021,5,891970,892595,625,150,50,59,0.25,Tortanus copepodid,0,0,,,,NK,1/20/2022,AB,1/21/2022,,,,,
22,RV,1/14/2021,5,891970,892595,625,150,50,59,0.25,Tortanus spp. ,0,0,,,,NK,1/20/2022,AB,1/21/2022,,,,,
22,RV,1/14/2021,5,891970,892595,625,150,50,59,0.25,Alona,1,1,,,,NK,1/20/2022,AB,1/21/2022,,,,,
22,RV,1/14/2021,5,891970,892595,625,150,50,59,0.25,Alonella,0,0,,,,NK,1/20/2022,AB,1/21/2022,,,,,
22,RV,1/14/2021,5,891970,892595,625,150,50,59,0.25,Anchistropus,0,0,,,,NK,1/20/2022,AB,1/21/2022,,,,,
22,RV,1/14/2021,5,891970,892595,625,150,50,59,0.25,Bosmina ,5,1,,,,NK,1/20/2022,AB,1/21/2022,,,,,
22,RV,1/14/2021,5,891970,892595,625,150,50,59,0.25,Camptocercus,0,0,,,,NK,1/20/2022,AB,1/21/2022,,,,,
22,RV,1/14/2021,5,891970,892595,625,150,50,59,0.25,Ceriodaphnia,2,1,,,,NK,1/20/2022,AB,1/21/2022,,,,,
22,RV,1/14/2021,5,891970,892595,625,150,50,59,0.25,Chydorus,15,1,,,,NK,1/20/2022,AB,1/21/2022,,,,,
22,RV,1/14/2021,5,891970,892595,625,150,50,59,0.25,Daphnia,1,1,,,,NK,1/20/2022,AB,1/21/2022,,,,,
22,RV,1/14/2021,5,891970,892595,625,150,50,59,0.25,Diaphanosoma,0,0,,,,NK,1/20/2022,AB,1/21/2022,,,,,
22,RV,1/14/2021,5,891970,892595,625,150,50,59,0.25,Disparalona,0,0,,,,NK,1/20/2022,AB,1/21/2022,,,,,
22,RV,1/14/2021,5,891970,892595,625,150,50,59,0.25,Eurycercus,0,0,,,,NK,1/20/2022,AB,1/21/2022,,,,,
22,RV,1/14/2021,5,891970,892595,625,150,50,59,0.25,Graptoleberis,0,0,,,,NK,1/20/2022,AB,1/21/2022,,,,,
22,RV,1/14/2021,5,891970,892595,625,150,50,59,0.25,Ilyocryptus,0,0,,,,NK,1/20/2022,AB,1/21/2022,,,,,
22,RV,1/14/2021,5,891970,892595,625,150,50,59,0.25,Kurzia,0,0,,,,NK,1/20/2022,AB,1/21/2022,,,,,
22,RV,1/14/2021,5,891970,892595,625,150,50,59,0.25,Leydigia,1,1,,,,NK,1/20/2022,AB,1/21/2022,,,,,
22,RV,1/14/2021,5,891970,892595,625,150,50,59,0.25,Macrothrix,0,0,,,,NK,1/20/2022,AB,1/21/2022,,,,,
22,RV,1/14/2021,5,891970,892595,625,150,50,59,0.25,Moina,0,0,,,,NK,1/20/2022,AB,1/21/2022,,,,,
22,RV,1/14/2021,5,891970,892595,625,150,50,59,0.25,Monospilus,1,1,,,,NK,1/20/2022,AB,1/21/2022,,,,,
22,RV,1/14/2021,5,891970,892595,625,150,50,59,0.25,Picripleuroxus,0,0,,,,NK,1/20/2022,AB,1/21/2022,,,,,
22,RV,1/14/2021,5,891970,892595,625,150,50,59,0.25,Pleuroxus,0,0,,,,NK,1/20/2022,AB,1/21/2022,,,,,
22,RV,1/14/2021,5,891970,892595,625,150,50,59,0.25,Pseudochydorus,0,0,,,,NK,1/20/2022,AB,1/21/2022,,,,,
22,RV,1/14/2021,5,891970,892595,625,150,50,59,0.25,Scaphloberis,0,0,,,,NK,1/20/2022,AB,1/21/2022,,,,,
22,RV,1/14/2021,5,891970,892595,625,150,50,59,0.25,Sida,0,0,,,,NK,1/20/2022,AB,1/21/2022,,,,,
22,RV,1/14/2021,5,891970,892595,625,150,50,59,0.25,Simocephalus,0,0,,,,NK,1/20/2022,AB,1/21/2022,,,,,
22,RV,1/14/2021,5,891970,892595,625,150,50,59,0.25,Harpacticoids,2,1,,,,NK,1/20/2022,AB,1/21/2022,added 2 Harpacticoids,,,,
22,RV,1/14/2021,5,891970,892595,625,150,50,59,0.25,Americorophium,0,0,,,,NK,1/20/2022,AB,1/21/2022,,,,,
22,RV,1/14/2021,5,891970,892595,625,150,50,59,0.25,Annelid,0,0,,,,NK,1/20/2022,AB,1/21/2022,,,,,
22,RV,1/14/2021,5,891970,892595,625,150,50,59,0.25,Baby Clam,0,0,,,,NK,1/20/2022,AB,1/21/2022,,,,,
22,RV,1/14/2021,5,891970,892595,625,150,50,59,0.25,Baby snail,0,0,,,,NK,1/20/2022,AB,1/21/2022,,,,,
22,RV,1/14/2021,5,891970,892595,625,150,50,59,0.25,Clam,0,0,,,,NK,1/20/2022,AB,1/21/2022,,,,,
22,RV,1/14/2021,5,891970,892595,625,150,50,59,0.25,Corophium spp.,0,0,,,,NK,1/20/2022,AB,1/21/2022,,,,,
22,RV,1/14/2021,5,891970,892595,625,150,50,59,0.25,Cumacean,0,0,,,,NK,1/20/2022,AB,1/21/2022,,,,,
22,RV,1/14/2021,5,891970,892595,625,150,50,59,0.25,Fish,0,0,,,,NK,1/20/2022,AB,1/21/2022,,,,,
22,RV,1/14/2021,5,891970,892595,625,150,50,59,0.25,Fish eggs,0,0,,,,NK,1/20/2022,AB,1/21/2022,,,,,
22,RV,1/14/2021,5,891970,892595,625,150,50,59,0.25,Gammarus spp.,0,0,,,,NK,1/20/2022,AB,1/21/2022,,,,,
22,RV,1/14/2021,5,891970,892595,625,150,50,59,0.25,Insect larvae,0,0,,,,NK,1/20/2022,AB,1/21/2022,,,,,
22,RV,1/14/2021,5,891970,892595,625,150,50,59,0.25,Isopod,0,0,,,,NK,1/20/2022,AB,1/21/2022,,,,,
22,RV,1/14/2021,5,891970,892595,625,150,50,59,0.25,Larval Fish,0,0,,,,NK,1/20/2022,AB,1/21/2022,,,,,
22,RV,1/14/2021,5,891970,892595,625,150,50,59,0.25,Mysids,0,0,,,,NK,1/20/2022,AB,1/21/2022,,,,,
22,RV,1/14/2021,5,891970,892595,625,150,50,59,0.25,Shrimp ,0,0,,,,NK,1/20/2022,AB,1/21/2022,,,,,
22,RV,1/14/2021,5,891970,892595,625,150,50,59,0.25,Snail,0,0,,,,NK,1/20/2022,AB,1/21/2022,,,,,
23,RV,1/21/2021,5,892605,893398,793,150,50,94,3.2,Rotifers,7,1,,,,NK,1/20/2022,AB,1/25/2022,,,,,
23,RV,1/21/2021,5,892605,893398,793,150,50,94,3.2,Barnacles ,0,0,,,,NK,1/20/2022,AB,1/25/2022,,,,,
23,RV,1/21/2021,5,892605,893398,793,150,50,94,3.2,Copepod nauplii ,29,1,,,,NK,1/20/2022,AB,1/25/2022,,,,,
23,RV,1/21/2021,5,892605,893398,793,150,50,94,3.2,Ostracods,5,1,,,,NK,1/20/2022,AB,1/25/2022,,,,,
23,RV,1/21/2021,5,892605,893398,793,150,50,94,1.4,Acanthocyclops vernalis adult,2,1,,,,NK,1/20/2022,AB,1/25/2022,,,,,
23,RV,1/21/2021,5,892605,893398,793,150,50,94,1.4,Acanthocyclops sp.,0,0,,,,NK,1/20/2022,AB,1/25/2022,,,,,
23,RV,1/21/2021,5,892605,893398,793,150,50,94,1.4,Cyclopoid adult,0,0,,,,NK,1/20/2022,AB,1/25/2022,,,,,
23,RV,1/21/2021,5,892605,893398,793,150,50,94,1.4,Cyclopoid copepodid,55,1,,,,NK,1/20/2022,AB,1/25/2022,,,,,
23,RV,1/21/2021,5,892605,893398,793,150,50,94,1.4,Diacyclops thomasi,1,1,,,,NK,1/20/2022,AB,1/25/2022,,,,,
23,RV,1/21/2021,5,892605,893398,793,150,50,94,1.4,Ectocyclops phaleratus,0,0,,,,NK,1/20/2022,AB,1/25/2022,,,,,
23,RV,1/21/2021,5,892605,893398,793,150,50,94,1.4,Eucyclops,0,0,,,,NK,1/20/2022,AB,1/25/2022,,,,,
23,RV,1/21/2021,5,892605,893398,793,150,50,94,1.4,Ergasilus spp.,0,0,,,,NK,1/20/2022,AB,1/25/2022,,,,,
23,RV,1/21/2021,5,892605,893398,793,150,50,94,1.4,Eucyclops pectinifer,9,1,,,,NK,1/20/2022,AB,1/25/2022,,,,,
23,RV,1/21/2021,5,892605,893398,793,150,50,94,1.4,Limnoithona copepodid,0,0,,,,NK,1/20/2022,AB,1/25/2022,,,,,
23,RV,1/21/2021,5,892605,893398,793,150,50,94,1.4,Limnoithona sinensis,0,0,,,,NK,1/20/2022,AB,1/25/2022,,,,,
23,RV,1/21/2021,5,892605,893398,793,150,50,94,1.4,Limnoithona spp.,0,0,,,,NK,1/20/2022,AB,1/25/2022,,,,,
23,RV,1/21/2021,5,892605,893398,793,150,50,94,1.4,Limnoithona tetraspina,0,0,,,,NK,1/20/2022,AB,1/25/2022,,,,,
23,RV,1/21/2021,5,892605,893398,793,150,50,94,1.4,Macrocyclops albidus,1,1,,,,NK,1/20/2022,AB,1/25/2022,,,,,
23,RV,1/21/2021,5,892605,893398,793,150,50,94,1.4,Mesocyclops edax,0,0,,,,NK,1/20/2022,AB,1/25/2022,,,,,
23,RV,1/21/2021,5,892605,893398,793,150,50,94,1.4,Microcyclops rubellus,3,1,,,,NK,1/20/2022,AB,1/25/2022,,,,,
23,RV,1/21/2021,5,892605,893398,793,150,50,94,1.4,Monospilus,0,0,,,,NK,1/20/2022,AB,1/25/2022,,,,,
23,RV,1/21/2021,5,892605,893398,793,150,50,94,1.4,Oithona copepodid,0,0,,,,NK,1/20/2022,AB,1/25/2022,,,,,
23,RV,1/21/2021,5,892605,893398,793,150,50,94,1.4,Oithona davisae,0,0,,,,NK,1/20/2022,AB,1/25/2022,,,,,
23,RV,1/21/2021,5,892605,893398,793,150,50,94,1.4,Oithona similis,0,0,,,,NK,1/20/2022,AB,1/25/2022,,,,,
23,RV,1/21/2021,5,892605,893398,793,150,50,94,1.4,Oithona spp. ,0,0,,,,NK,1/20/2022,AB,1/25/2022,,,,,
23,RV,1/21/2021,5,892605,893398,793,150,50,94,1.4,Paracyclops spp.,0,0,,,,NK,1/20/2022,AB,1/25/2022,,,,,
23,RV,1/21/2021,5,892605,893398,793,150,50,94,1.4,Acartia copepodid,0,0,,,,NK,1/20/2022,AB,1/25/2022,,,,,
23,RV,1/21/2021,5,892605,893398,793,150,50,94,1.4,Acartia spp.,0,0,,,,NK,1/20/2022,AB,1/25/2022,,,,,
23,RV,1/21/2021,5,892605,893398,793,150,50,94,1.4,Acartiella copepodid,0,0,,,,NK,1/20/2022,AB,1/25/2022,,,,,
23,RV,1/21/2021,5,892605,893398,793,150,50,94,1.4,Acartiella sinensis ,0,0,,,,NK,1/20/2022,AB,1/25/2022,,,,,
23,RV,1/21/2021,5,892605,893398,793,150,50,94,1.4,Calanoid copepodid,39,1,,,,NK,1/20/2022,AB,1/25/2022,,,,,
23,RV,1/21/2021,5,892605,893398,793,150,50,94,1.4,Diaptomus copepodid,0,0,,,,NK,1/20/2022,AB,1/25/2022,,,,,
23,RV,1/21/2021,5,892605,893398,793,150,50,94,1.4,Diaptomus spp.,0,0,,,,NK,1/20/2022,AB,1/25/2022,,,,,
23,RV,1/21/2021,5,892605,893398,793,150,50,94,1.4,Eurytemora affinis adult,5,1,,,,NK,1/20/2022,AB,1/25/2022,,,,,
23,RV,1/21/2021,5,892605,893398,793,150,50,94,1.4,Eurytemora affinis copepodid,0,0,,,,NK,1/20/2022,AB,1/25/2022,,,,,
23,RV,1/21/2021,5,892605,893398,793,150,50,94,1.4,Leptodiaptomus siciloides,0,0,,,,NK,1/20/2022,AB,1/25/2022,,,,,
23,RV,1/21/2021,5,892605,893398,793,150,50,94,1.4,Osphranticum copepodid,0,0,,,,NK,1/20/2022,AB,1/25/2022,,,,,
23,RV,1/21/2021,5,892605,893398,793,150,50,94,1.4,Osphranticum labronectum,1,1,,,,NK,1/20/2022,AB,1/25/2022,,,,,
23,RV,1/21/2021,5,892605,893398,793,150,50,94,1.4,Pseudodiaptomus forbesi adult,18,1,,,,NK,1/20/2022,AB,1/25/2022,,,,,
23,RV,1/21/2021,5,892605,893398,793,150,50,94,1.4,Pseudodiaptomus forbesi copepodid,0,0,,,,NK,1/20/2022,AB,1/25/2022,,,,,
23,RV,1/21/2021,5,892605,893398,793,150,50,94,1.4,Sinocalanus doerrii adult ,3,1,,,,NK,1/20/2022,AB,1/25/2022,,,,,
23,RV,1/21/2021,5,892605,893398,793,150,50,94,1.4,Sinocalanus doerrii copepodid,0,0,,,,NK,1/20/2022,AB,1/25/2022,,,,,
23,RV,1/21/2021,5,892605,893398,793,150,50,94,1.4,Skistodiaptomus pallidus,0,0,,,,NK,1/20/2022,AB,1/25/2022,,,,,
23,RV,1/21/2021,5,892605,893398,793,150,50,94,1.4,Tortanus copepodid,0,0,,,,NK,1/20/2022,AB,1/25/2022,,,,,
23,RV,1/21/2021,5,892605,893398,793,150,50,94,1.4,Tortanus spp. ,0,0,,,,NK,1/20/2022,AB,1/25/2022,,,,,
23,RV,1/21/2021,5,892605,893398,793,150,50,94,1.4,Alona,1,1,,,,NK,1/20/2022,AB,1/25/2022,,,,,
23,RV,1/21/2021,5,892605,893398,793,150,50,94,1.4,Alonella,1,1,,,,NK,1/20/2022,AB,1/25/2022,,,,,
23,RV,1/21/2021,5,892605,893398,793,150,50,94,1.4,Anchistropus,0,0,,,,NK,1/20/2022,AB,1/25/2022,,,,,
23,RV,1/21/2021,5,892605,893398,793,150,50,94,1.4,Bosmina ,5,1,,,,NK,1/20/2022,AB,1/25/2022,,,,,
23,RV,1/21/2021,5,892605,893398,793,150,50,94,1.4,Camptocercus,1,1,,,,NK,1/20/2022,AB,1/25/2022,,,,,
23,RV,1/21/2021,5,892605,893398,793,150,50,94,1.4,Ceriodaphnia,0,0,,,,NK,1/20/2022,AB,1/25/2022,,,,,
23,RV,1/21/2021,5,892605,893398,793,150,50,94,1.4,Chydorus,29,1,,,,NK,1/20/2022,AB,1/25/2022,,,,,
23,RV,1/21/2021,5,892605,893398,793,150,50,94,1.4,Daphnia,3,1,,,,NK,1/20/2022,AB,1/25/2022,,,,,
23,RV,1/21/2021,5,892605,893398,793,150,50,94,1.4,Diaphanosoma,0,0,,,,NK,1/20/2022,AB,1/25/2022,,,,,
23,RV,1/21/2021,5,892605,893398,793,150,50,94,1.4,Disparalona,0,0,,,,NK,1/20/2022,AB,1/25/2022,,,,,
23,RV,1/21/2021,5,892605,893398,793,150,50,94,1.4,Eurycercus,0,0,,,,NK,1/20/2022,AB,1/25/2022,,,,,
23,RV,1/21/2021,5,892605,893398,793,150,50,94,1.4,Graptoleberis,1,1,,,,NK,1/20/2022,AB,1/25/2022,,,,,
23,RV,1/21/2021,5,892605,893398,793,150,50,94,1.4,Ilyocryptus,1,1,,,,NK,1/20/2022,AB,1/25/2022,,,,,
23,RV,1/21/2021,5,892605,893398,793,150,50,94,1.4,Kurzia,0,0,,,,NK,1/20/2022,AB,1/25/2022,,,,,
23,RV,1/21/2021,5,892605,893398,793,150,50,94,1.4,Leydigia,0,0,,,,NK,1/20/2022,AB,1/25/2022,,,,,
23,RV,1/21/2021,5,892605,893398,793,150,50,94,1.4,Macrothrix,0,0,,,,NK,1/20/2022,AB,1/25/2022,,,,,
23,RV,1/21/2021,5,892605,893398,793,150,50,94,1.4,Moina,0,0,,,,NK,1/20/2022,AB,1/25/2022,,,,,
23,RV,1/21/2021,5,892605,893398,793,150,50,94,1.4,Monospilus,1,1,,,,NK,1/20/2022,AB,1/25/2022,,,,,
23,RV,1/21/2021,5,892605,893398,793,150,50,94,1.4,Picripleuroxus,2,1,,,,NK,1/20/2022,AB,1/25/2022,,,,,
23,RV,1/21/2021,5,892605,893398,793,150,50,94,1.4,Pleuroxus,0,0,,,,NK,1/20/2022,AB,1/25/2022,,,,,
23,RV,1/21/2021,5,892605,893398,793,150,50,94,1.4,Pseudochydorus,0,0,,,,NK,1/20/2022,AB,1/25/2022,,,,,
23,RV,1/21/2021,5,892605,893398,793,150,50,94,1.4,Scaphloberis,0,0,,,,NK,1/20/2022,AB,1/25/2022,,,,,
23,RV,1/21/2021,5,892605,893398,793,150,50,94,1.4,Sida,1,1,,,,NK,1/20/2022,AB,1/25/2022,,,,,
23,RV,1/21/2021,5,892605,893398,793,150,50,94,1.4,Simocephalus,3,1,,,,NK,1/20/2022,AB,1/25/2022,,,,,
23,RV,1/21/2021,5,892605,893398,793,150,50,94,1.4,Harpacticoids,18,1,,,,NK,1/20/2022,AB,1/25/2022,,,,,
23,RV,1/21/2021,5,892605,893398,793,150,50,94,1.4,Americorophium,0,0,,,,NK,1/20/2022,AB,1/25/2022,,,,,
23,RV,1/21/2021,5,892605,893398,793,150,50,94,1.4,Annelid,0,0,,,,NK,1/20/2022,AB,1/25/2022,,,,,
23,RV,1/21/2021,5,892605,893398,793,150,50,94,1.4,Baby Clam,0,0,,,,NK,1/20/2022,AB,1/25/2022,,,,,
23,RV,1/21/2021,5,892605,893398,793,150,50,94,1.4,Baby snail,0,0,,,,NK,1/20/2022,AB,1/25/2022,,,,,
23,RV,1/21/2021,5,892605,893398,793,150,50,94,1.4,Clam,0,0,,,,NK,1/20/2022,AB,1/25/2022,,,,,
23,RV,1/21/2021,5,892605,893398,793,150,50,94,1.4,Corophium spp.,0,0,,,,NK,1/20/2022,AB,1/25/2022,,,,,
23,RV,1/21/2021,5,892605,893398,793,150,50,94,1.4,Cumacean,0,0,,,,NK,1/20/2022,AB,1/25/2022,,,,,
23,RV,1/21/2021,5,892605,893398,793,150,50,94,1.4,Fish,0,0,,,,NK,1/20/2022,AB,1/25/2022,,,,,
23,RV,1/21/2021,5,892605,893398,793,150,50,94,1.4,Fish eggs,0,0,,,,NK,1/20/2022,AB,1/25/2022,,,,,
23,RV,1/21/2021,5,892605,893398,793,150,50,94,1.4,Gammarus spp.,0,0,,,,NK,1/20/2022,AB,1/25/2022,,,,,
23,RV,1/21/2021,5,892605,893398,793,150,50,94,1.4,Insect larvae,0,0,,,,NK,1/20/2022,AB,1/25/2022,,,,,
23,RV,1/21/2021,5,892605,893398,793,150,50,94,1.4,Isopod,0,0,,,,NK,1/20/2022,AB,1/25/2022,,,,,
23,RV,1/21/2021,5,892605,893398,793,150,50,94,1.4,Larval Fish,0,0,,,,NK,1/20/2022,AB,1/25/2022,,,,,
23,RV,1/21/2021,5,892605,893398,793,150,50,94,1.4,Mysids,0,0,,,,NK,1/20/2022,AB,1/25/2022,,,,,
23,RV,1/21/2021,5,892605,893398,793,150,50,94,1.4,Shrimp ,0,0,,,,NK,1/20/2022,AB,1/25/2022,,,,,
23,RV,1/21/2021,5,892605,893398,793,150,50,94,1.4,Snail,0,0,,,,NK,1/20/2022,AB,1/25/2022,,,,,
25,RV,1/29/2021,5,895888,896185,297,150,50,99,1.6,Rotifers,3,1,,,,NK,1/20/2022,AB,1/25/2022,,,,,
25,RV,1/29/2021,5,895888,896185,297,150,50,99,1.6,Barnacles ,0,0,,,,NK,1/20/2022,AB,1/25/2022,,,,,
25,RV,1/29/2021,5,895888,896185,297,150,50,99,1.6,Copepod nauplii ,21,1,,,,NK,1/20/2022,AB,1/25/2022,,,,,
25,RV,1/29/2021,5,895888,896185,297,150,50,99,1.6,Ostracods,4,1,,,,NK,1/20/2022,AB,1/25/2022,,,,,
25,RV,1/29/2021,5,895888,896185,297,150,50,99,0.7,Acanthocyclops vernalis adult,0,0,,,,NK,1/20/2022,AB,1/25/2022,,,,,
25,RV,1/29/2021,5,895888,896185,297,150,50,99,0.7,Acanthocyclops sp.,0,0,,,,NK,1/20/2022,AB,1/25/2022,,,,,
25,RV,1/29/2021,5,895888,896185,297,150,50,99,0.7,Cyclopoid adult,0,0,,,,NK,1/20/2022,AB,1/25/2022,,,,,
25,RV,1/29/2021,5,895888,896185,297,150,50,99,0.7,Cyclopoid copepodid,55,1,,,,NK,1/20/2022,AB,1/25/2022,,,,,
25,RV,1/29/2021,5,895888,896185,297,150,50,99,0.7,Diacyclops thomasi,2,1,,,,NK,1/20/2022,AB,1/25/2022,,,,,
25,RV,1/29/2021,5,895888,896185,297,150,50,99,0.7,Ectocyclops phaleratus,0,0,,,,NK,1/20/2022,AB,1/25/2022,,,,,
25,RV,1/29/2021,5,895888,896185,297,150,50,99,0.7,Eucyclops,0,0,,,,NK,1/20/2022,AB,1/25/2022,,,,,
25,RV,1/29/2021,5,895888,896185,297,150,50,99,0.7,Ergasilus spp.,0,0,,,,NK,1/20/2022,AB,1/25/2022,,,,,
25,RV,1/29/2021,5,895888,896185,297,150,50,99,0.7,Eucyclops pectinifer,8,1,,,,NK,1/20/2022,AB,1/25/2022,,,,,
25,RV,1/29/2021,5,895888,896185,297,150,50,99,0.7,Limnoithona copepodid,0,0,,,,NK,1/20/2022,AB,1/25/2022,,,,,
25,RV,1/29/2021,5,895888,896185,297,150,50,99,0.7,Limnoithona sinensis,0,0,,,,NK,1/20/2022,AB,1/25/2022,,,,,
25,RV,1/29/2021,5,895888,896185,297,150,50,99,0.7,Limnoithona spp.,0,0,,,,NK,1/20/2022,AB,1/25/2022,,,,,
25,RV,1/29/2021,5,895888,896185,297,150,50,99,0.7,Limnoithona tetraspina,0,0,,,,NK,1/20/2022,AB,1/25/2022,,,,,
25,RV,1/29/2021,5,895888,896185,297,150,50,99,0.7,Macrocyclops albidus,3,1,,,,NK,1/20/2022,AB,1/25/2022,,,,,
25,RV,1/29/2021,5,895888,896185,297,150,50,99,0.7,Mesocyclops edax,0,0,,,,NK,1/20/2022,AB,1/25/2022,,,,,
25,RV,1/29/2021,5,895888,896185,297,150,50,99,0.7,Microcyclops rubellus,0,0,,,,NK,1/20/2022,AB,1/25/2022,,,,,
25,RV,1/29/2021,5,895888,896185,297,150,50,99,0.7,Monospilus,0,0,,,,NK,1/20/2022,AB,1/25/2022,,,,,
25,RV,1/29/2021,5,895888,896185,297,150,50,99,0.7,Oithona copepodid,0,0,,,,NK,1/20/2022,AB,1/25/2022,,,,,
25,RV,1/29/2021,5,895888,896185,297,150,50,99,0.7,Oithona davisae,0,0,,,,NK,1/20/2022,AB,1/25/2022,,,,,
25,RV,1/29/2021,5,895888,896185,297,150,50,99,0.7,Oithona similis,0,0,,,,NK,1/20/2022,AB,1/25/2022,,,,,
25,RV,1/29/2021,5,895888,896185,297,150,50,99,0.7,Oithona spp. ,0,0,,,,NK,1/20/2022,AB,1/25/2022,,,,,
25,RV,1/29/2021,5,895888,896185,297,150,50,99,0.7,Paracyclops spp.,1,1,,,,NK,1/20/2022,AB,1/25/2022,,,,,
25,RV,1/29/2021,5,895888,896185,297,150,50,99,0.7,Acartia copepodid,0,0,,,,NK,1/20/2022,AB,1/25/2022,,,,,
25,RV,1/29/2021,5,895888,896185,297,150,50,99,0.7,Acartia spp.,0,0,,,,NK,1/20/2022,AB,1/25/2022,,,,,
25,RV,1/29/2021,5,895888,896185,297,150,50,99,0.7,Acartiella copepodid,0,0,,,,NK,1/20/2022,AB,1/25/2022,,,,,
25,RV,1/29/2021,5,895888,896185,297,150,50,99,0.7,Acartiella sinensis ,0,0,,,,NK,1/20/2022,AB,1/25/2022,,,,,
25,RV,1/29/2021,5,895888,896185,297,150,50,99,0.7,Calanoid copepodid,54,1,,,,NK,1/20/2022,AB,1/25/2022,,,,,
25,RV,1/29/2021,5,895888,896185,297,150,50,99,0.7,Diaptomus copepodid,0,0,,,,NK,1/20/2022,AB,1/25/2022,,,,,
25,RV,1/29/2021,5,895888,896185,297,150,50,99,0.7,Diaptomus spp.,0,0,,,,NK,1/20/2022,AB,1/25/2022,,,,,
25,RV,1/29/2021,5,895888,896185,297,150,50,99,0.7,Eurytemora affinis adult,10,1,,,,NK,1/20/2022,AB,1/25/2022,,,,,
25,RV,1/29/2021,5,895888,896185,297,150,50,99,0.7,Eurytemora affinis copepodid,0,0,,,,NK,1/20/2022,AB,1/25/2022,,,,,
25,RV,1/29/2021,5,895888,896185,297,150,50,99,0.7,Leptodiaptomus siciloides,0,0,,,,NK,1/20/2022,AB,1/25/2022,,,,,
25,RV,1/29/2021,5,895888,896185,297,150,50,99,0.7,Osphranticum copepodid,0,0,,,,NK,1/20/2022,AB,1/25/2022,,,,,
25,RV,1/29/2021,5,895888,896185,297,150,50,99,0.7,Osphranticum labronectum,2,1,,,,NK,1/20/2022,AB,1/25/2022,,,,,
25,RV,1/29/2021,5,895888,896185,297,150,50,99,0.7,Pseudodiaptomus forbesi adult,24,1,,,,NK,1/20/2022,AB,1/25/2022,,,,,
25,RV,1/29/2021,5,895888,896185,297,150,50,99,0.7,Pseudodiaptomus forbesi copepodid,0,0,,,,NK,1/20/2022,AB,1/25/2022,,,,,
25,RV,1/29/2021,5,895888,896185,297,150,50,99,0.7,Sinocalanus doerrii adult ,5,1,,,,NK,1/20/2022,AB,1/25/2022,,,,,
25,RV,1/29/2021,5,895888,896185,297,150,50,99,0.7,Sinocalanus doerrii copepodid,0,0,,,,NK,1/20/2022,AB,1/25/2022,,,,,
25,RV,1/29/2021,5,895888,896185,297,150,50,99,0.7,Skistodiaptomus pallidus,0,0,,,,NK,1/20/2022,AB,1/25/2022,,,,,
25,RV,1/29/2021,5,895888,896185,297,150,50,99,0.7,Tortanus copepodid,0,0,,,,NK,1/20/2022,AB,1/25/2022,,,,,
25,RV,1/29/2021,5,895888,896185,297,150,50,99,0.7,Tortanus spp. ,0,0,,,,NK,1/20/2022,AB,1/25/2022,,,,,
25,RV,1/29/2021,5,895888,896185,297,150,50,99,0.7,Alona,0,0,,,,NK,1/20/2022,AB,1/25/2022,,,,,
25,RV,1/29/2021,5,895888,896185,297,150,50,99,0.7,Alonella,1,1,,,,NK,1/20/2022,AB,1/25/2022,,,,,
25,RV,1/29/2021,5,895888,896185,297,150,50,99,0.7,Anchistropus,1,1,,,,NK,1/20/2022,AB,1/25/2022,,,,,
25,RV,1/29/2021,5,895888,896185,297,150,50,99,0.7,Bosmina ,1,1,,,,NK,1/20/2022,AB,1/25/2022,,,,,
25,RV,1/29/2021,5,895888,896185,297,150,50,99,0.7,Camptocercus,1,1,,,,NK,1/20/2022,AB,1/25/2022,,,,,
25,RV,1/29/2021,5,895888,896185,297,150,50,99,0.7,Ceriodaphnia,0,0,,,,NK,1/20/2022,AB,1/25/2022,,,,,
25,RV,1/29/2021,5,895888,896185,297,150,50,99,0.7,Chydorus,24,1,,,,NK,1/20/2022,AB,1/25/2022,,,,,
25,RV,1/29/2021,5,895888,896185,297,150,50,99,0.7,Daphnia,1,1,,,,NK,1/20/2022,AB,1/25/2022,,,,,
25,RV,1/29/2021,5,895888,896185,297,150,50,99,0.7,Diaphanosoma,0,0,,,,NK,1/20/2022,AB,1/25/2022,,,,,
25,RV,1/29/2021,5,895888,896185,297,150,50,99,0.7,Disparalona,0,0,,,,NK,1/20/2022,AB,1/25/2022,,,,,
25,RV,1/29/2021,5,895888,896185,297,150,50,99,0.7,Eurycercus,1,1,,,,NK,1/20/2022,AB,1/25/2022,,,,,
25,RV,1/29/2021,5,895888,896185,297,150,50,99,0.7,Graptoleberis,7,1,,,,NK,1/20/2022,AB,1/25/2022,,,,,
25,RV,1/29/2021,5,895888,896185,297,150,50,99,0.7,Ilyocryptus,0,0,,,,NK,1/20/2022,AB,1/25/2022,,,,,
25,RV,1/29/2021,5,895888,896185,297,150,50,99,0.7,Kurzia,1,1,,,,NK,1/20/2022,AB,1/25/2022,,,,,
25,RV,1/29/2021,5,895888,896185,297,150,50,99,0.7,Leydigia,0,0,,,,NK,1/20/2022,AB,1/25/2022,,,,,
25,RV,1/29/2021,5,895888,896185,297,150,50,99,0.7,Macrothrix,0,0,,,,NK,1/20/2022,AB,1/25/2022,,,,,
25,RV,1/29/2021,5,895888,896185,297,150,50,99,0.7,Moina,0,0,,,,NK,1/20/2022,AB,1/25/2022,,,,,
25,RV,1/29/2021,5,895888,896185,297,150,50,99,0.7,Monospilus,2,1,,,,NK,1/20/2022,AB,1/25/2022,,,,,
25,RV,1/29/2021,5,895888,896185,297,150,50,99,0.7,Picripleuroxus,2,1,,,,NK,1/20/2022,AB,1/25/2022,,,,,
25,RV,1/29/2021,5,895888,896185,297,150,50,99,0.7,Pleuroxus,0,0,,,,NK,1/20/2022,AB,1/25/2022,,,,,
25,RV,1/29/2021,5,895888,896185,297,150,50,99,0.7,Pseudochydorus,0,0,,,,NK,1/20/2022,AB,1/25/2022,,,,,
25,RV,1/29/2021,5,895888,896185,297,150,50,99,0.7,Scaphloberis,0,0,,,,NK,1/20/2022,AB,1/25/2022,,,,,
25,RV,1/29/2021,5,895888,896185,297,150,50,99,0.7,Sida,0,0,,,,NK,1/20/2022,AB,1/25/2022,,,,,
25,RV,1/29/2021,5,895888,896185,297,150,50,99,0.7,Simocephalus,1,1,,,,NK,1/20/2022,AB,1/25/2022,,,,,
25,RV,1/29/2021,5,895888,896185,297,150,50,99,0.7,Harpacticoids,0,0,,,,NK,1/20/2022,AB,1/25/2022,,,,,
25,RV,1/29/2021,5,895888,896185,297,150,50,99,0.7,Americorophium,0,0,,,,NK,1/20/2022,AB,1/25/2022,,,,,
25,RV,1/29/2021,5,895888,896185,297,150,50,99,0.7,Annelid,0,0,,,,NK,1/20/2022,AB,1/25/2022,,,,,
25,RV,1/29/2021,5,895888,896185,297,150,50,99,0.7,Baby Clam,0,0,,,,NK,1/20/2022,AB,1/25/2022,,,,,
25,RV,1/29/2021,5,895888,896185,297,150,50,99,0.7,Baby snail,0,0,,,,NK,1/20/2022,AB,1/25/2022,,,,,
25,RV,1/29/2021,5,895888,896185,297,150,50,99,0.7,Clam,0,0,,,,NK,1/20/2022,AB,1/25/2022,,,,,
25,RV,1/29/2021,5,895888,896185,297,150,50,99,0.7,Corophium spp.,0,0,,,,NK,1/20/2022,AB,1/25/2022,,,,,
25,RV,1/29/2021,5,895888,896185,297,150,50,99,0.7,Cumacean,0,0,,,,NK,1/20/2022,AB,1/25/2022,,,,,
25,RV,1/29/2021,5,895888,896185,297,150,50,99,0.7,Fish,0,0,,,,NK,1/20/2022,AB,1/25/2022,,,,,
25,RV,1/29/2021,5,895888,896185,297,150,50,99,0.7,Fish eggs,0,0,,,,NK,1/20/2022,AB,1/25/2022,,,,,
25,RV,1/29/2021,5,895888,896185,297,150,50,99,0.7,Gammarus spp.,0,0,,,,NK,1/20/2022,AB,1/25/2022,,,,,
25,RV,1/29/2021,5,895888,896185,297,150,50,99,0.7,Insect larvae,0,0,,,,NK,1/20/2022,AB,1/25/2022,,,,,
25,RV,1/29/2021,5,895888,896185,297,150,50,99,0.7,Isopod,0,0,,,,NK,1/20/2022,AB,1/25/2022,,,,,
25,RV,1/29/2021,5,895888,896185,297,150,50,99,0.7,Larval Fish,0,0,,,,NK,1/20/2022,AB,1/25/2022,,,,,
25,RV,1/29/2021,5,895888,896185,297,150,50,99,0.7,Mysids,0,0,,,,NK,1/20/2022,AB,1/25/2022,,,,,
25,RV,1/29/2021,5,895888,896185,297,150,50,99,0.7,Shrimp ,0,0,,,,NK,1/20/2022,AB,1/25/2022,,,,,
25,RV,1/29/2021,5,895888,896185,297,150,50,99,0.7,Snail,0,0,,,,NK,1/20/2022,AB,1/25/2022,,,,,
26,RV,2/4/2021,5,901933,905684,3751,150,50,58,2,Rotifers,20,1,,,,NK,1/20/2022,AB,1/25/2022,,,,,
26,RV,2/4/2021,5,901933,905684,3751,150,50,58,2,Barnacles ,0,0,,,,NK,1/20/2022,AB,1/25/222,,,,,
26,RV,2/4/2021,5,901933,905684,3751,150,50,58,2,Copepod nauplii ,14,1,,,,NK,1/20/2022,AB,1/25/222,,,,,
26,RV,2/4/2021,5,901933,905684,3751,150,50,58,2,Ostracods,2,1,,,,NK,1/20/2022,AB,1/25/222,,,,,
26,RV,2/4/2021,5,901933,905684,3751,150,50,58,0.7,Acanthocyclops vernalis adult,3,1,,,,NK,1/20/2022,AB,1/25/222,,,,,
26,RV,2/4/2021,5,901933,905684,3751,150,50,58,0.7,Acanthocyclops sp.,0,0,,,,NK,1/20/2022,AB,1/25/222,,,,,
26,RV,2/4/2021,5,901933,905684,3751,150,50,58,0.7,Cyclopoid adult,0,0,,,,NK,1/20/2022,AB,1/25/222,,,,,
26,RV,2/4/2021,5,901933,905684,3751,150,50,58,0.7,Cyclopoid copepodid,57,1,,,,NK,1/20/2022,AB,1/25/222,,,,,
26,RV,2/4/2021,5,901933,905684,3751,150,50,58,0.7,Diacyclops thomasi,0,0,,,,NK,1/20/2022,AB,1/25/222,,,,,
26,RV,2/4/2021,5,901933,905684,3751,150,50,58,0.7,Ectocyclops phaleratus,0,0,,,,NK,1/20/2022,AB,1/25/222,,,,,
26,RV,2/4/2021,5,901933,905684,3751,150,50,58,0.7,Eucyclops,3,1,,,,NK,1/20/2022,AB,1/25/222,moved count of 3 from Ergasilus to Eucyclops,,,,
26,RV,2/4/2021,5,901933,905684,3751,150,50,58,0.7,Ergasilus spp.,0,0,,,,NK,1/20/2022,AB,1/25/222,,,,,
26,RV,2/4/2021,5,901933,905684,3751,150,50,58,0.7,Eucyclops pectinifer,0,0,,,,NK,1/20/2022,AB,1/25/222,,,,,
26,RV,2/4/2021,5,901933,905684,3751,150,50,58,0.7,Limnoithona copepodid,0,0,,,,NK,1/20/2022,AB,1/25/222,,,,,
26,RV,2/4/2021,5,901933,905684,3751,150,50,58,0.7,Limnoithona sinensis,0,0,,,,NK,1/20/2022,AB,1/25/222,,,,,
26,RV,2/4/2021,5,901933,905684,3751,150,50,58,0.7,Limnoithona spp.,0,0,,,,NK,1/20/2022,AB,1/25/222,,,,,
26,RV,2/4/2021,5,901933,905684,3751,150,50,58,0.7,Limnoithona tetraspina,0,0,,,,NK,1/20/2022,AB,1/25/222,,,,,
26,RV,2/4/2021,5,901933,905684,3751,150,50,58,0.7,Macrocyclops albidus,0,0,,,,NK,1/20/2022,AB,1/25/222,,,,,
26,RV,2/4/2021,5,901933,905684,3751,150,50,58,0.7,Mesocyclops edax,0,0,,,,NK,1/20/2022,AB,1/25/222,,,,,
26,RV,2/4/2021,5,901933,905684,3751,150,50,58,0.7,Microcyclops rubellus,3,1,,,,NK,1/20/2022,AB,1/25/222,,,,,
26,RV,2/4/2021,5,901933,905684,3751,150,50,58,0.7,Monospilus,0,0,,,,NK,1/20/2022,AB,1/25/222,,,,,
26,RV,2/4/2021,5,901933,905684,3751,150,50,58,0.7,Oithona copepodid,0,0,,,,NK,1/20/2022,AB,1/25/222,,,,,
26,RV,2/4/2021,5,901933,905684,3751,150,50,58,0.7,Oithona davisae,0,0,,,,NK,1/20/2022,AB,1/25/222,,,,,
26,RV,2/4/2021,5,901933,905684,3751,150,50,58,0.7,Oithona similis,0,0,,,,NK,1/20/2022,AB,1/25/222,,,,,
26,RV,2/4/2021,5,901933,905684,3751,150,50,58,0.7,Oithona spp. ,0,0,,,,NK,1/20/2022,AB,1/25/222,,,,,
26,RV,2/4/2021,5,901933,905684,3751,150,50,58,0.7,Paracyclops spp.,1,1,,,,NK,1/20/2022,AB,1/25/222,Added count of 1 for Paracyclops,,,,
26,RV,2/4/2021,5,901933,905684,3751,150,50,58,0.7,Acartia copepodid,0,0,,,,NK,1/20/2022,AB,1/25/222,,,,,
26,RV,2/4/2021,5,901933,905684,3751,150,50,58,0.7,Acartia spp.,0,0,,,,NK,1/20/2022,AB,1/25/222,,,,,
26,RV,2/4/2021,5,901933,905684,3751,150,50,58,0.7,Acartiella copepodid,0,0,,,,NK,1/20/2022,AB,1/25/222,,,,,
26,RV,2/4/2021,5,901933,905684,3751,150,50,58,0.7,Acartiella sinensis ,0,0,,,,NK,1/20/2022,AB,1/25/222,,,,,
26,RV,2/4/2021,5,901933,905684,3751,150,50,58,0.7,Calanoid copepodid,19,1,,,,NK,1/20/2022,AB,1/25/222,,,,,
26,RV,2/4/2021,5,901933,905684,3751,150,50,58,0.7,Diaptomus copepodid,0,0,,,,NK,1/20/2022,AB,1/25/222,,,,,
26,RV,2/4/2021,5,901933,905684,3751,150,50,58,0.7,Diaptomus spp.,0,0,,,,NK,1/20/2022,AB,1/25/222,,,,,
26,RV,2/4/2021,5,901933,905684,3751,150,50,58,0.7,Eurytemora affinis adult,3,1,,,,NK,1/20/2022,AB,1/25/222,,,,,
26,RV,2/4/2021,5,901933,905684,3751,150,50,58,0.7,Eurytemora affinis copepodid,0,0,,,,NK,1/20/2022,AB,1/25/222,,,,,
26,RV,2/4/2021,5,901933,905684,3751,150,50,58,0.7,Leptodiaptomus siciloides,1,1,,,,NK,1/20/2022,AB,1/25/222,,,,,
26,RV,2/4/2021,5,901933,905684,3751,150,50,58,0.7,Osphranticum copepodid,0,0,,,,NK,1/20/2022,AB,1/25/222,,,,,
26,RV,2/4/2021,5,901933,905684,3751,150,50,58,0.7,Osphranticum labronectum,0,0,,,,NK,1/20/2022,AB,1/25/222,,,,,
26,RV,2/4/2021,5,901933,905684,3751,150,50,58,0.7,Pseudodiaptomus forbesi adult,1,1,,,,NK,1/20/2022,AB,1/25/222,,,,,
26,RV,2/4/2021,5,901933,905684,3751,150,50,58,0.7,Pseudodiaptomus forbesi copepodid,0,0,,,,NK,1/20/2022,AB,1/25/222,,,,,
26,RV,2/4/2021,5,901933,905684,3751,150,50,58,0.7,Sinocalanus doerrii adult ,0,0,,,,NK,1/20/2022,AB,1/25/222,,,,,
26,RV,2/4/2021,5,901933,905684,3751,150,50,58,0.7,Sinocalanus doerrii copepodid,0,0,,,,NK,1/20/2022,AB,1/25/222,,,,,
26,RV,2/4/2021,5,901933,905684,3751,150,50,58,0.7,Skistodiaptomus pallidus,0,0,,,,NK,1/20/2022,AB,1/25/222,,,,,
26,RV,2/4/2021,5,901933,905684,3751,150,50,58,0.7,Tortanus copepodid,0,0,,,,NK,1/20/2022,AB,1/25/222,,,,,
26,RV,2/4/2021,5,901933,905684,3751,150,50,58,0.7,Tortanus spp. ,0,0,,,,NK,1/20/2022,AB,1/25/222,,,,,
26,RV,2/4/2021,5,901933,905684,3751,150,50,58,0.7,Alona,2,1,,,,NK,1/20/2022,AB,1/25/222,,,,,
26,RV,2/4/2021,5,901933,905684,3751,150,50,58,0.7,Alonella,0,0,,,,NK,1/20/2022,AB,1/25/222,,,,,
26,RV,2/4/2021,5,901933,905684,3751,150,50,58,0.7,Anchistropus,0,0,,,,NK,1/20/2022,AB,1/25/222,,,,,
26,RV,2/4/2021,5,901933,905684,3751,150,50,58,0.7,Bosmina ,22,1,,,,NK,1/20/2022,AB,1/25/222,,,,,
26,RV,2/4/2021,5,901933,905684,3751,150,50,58,0.7,Camptocercus,2,1,,,,NK,1/20/2022,AB,1/25/222,,,,,
26,RV,2/4/2021,5,901933,905684,3751,150,50,58,0.7,Ceriodaphnia,5,1,,,,NK,1/20/2022,AB,1/25/222,,,,,
26,RV,2/4/2021,5,901933,905684,3751,150,50,58,0.7,Chydorus,61,1,,,,NK,1/20/2022,AB,1/25/222,,,,,
26,RV,2/4/2021,5,901933,905684,3751,150,50,58,0.7,Daphnia,7,1,,,,NK,1/20/2022,AB,1/25/222,,,,,
26,RV,2/4/2021,5,901933,905684,3751,150,50,58,0.7,Diaphanosoma,0,0,,,,NK,1/20/2022,AB,1/25/222,,,,,
26,RV,2/4/2021,5,901933,905684,3751,150,50,58,0.7,Disparalona,0,0,,,,NK,1/20/2022,AB,1/25/222,,,,,
26,RV,2/4/2021,5,901933,905684,3751,150,50,58,0.7,Eurycercus,1,1,,,,NK,1/20/2022,AB,1/25/222,,,,,
26,RV,2/4/2021,5,901933,905684,3751,150,50,58,0.7,Graptoleberis,5,1,,,,NK,1/20/2022,AB,1/25/222,,,,,
26,RV,2/4/2021,5,901933,905684,3751,150,50,58,0.7,Ilyocryptus,0,0,,,,NK,1/20/2022,AB,1/25/222,,,,,
26,RV,2/4/2021,5,901933,905684,3751,150,50,58,0.7,Kurzia,0,0,,,,NK,1/20/2022,AB,1/25/222,,,,,
26,RV,2/4/2021,5,901933,905684,3751,150,50,58,0.7,Leydigia,1,1,,,,NK,1/20/2022,AB,1/25/222,,,,,
26,RV,2/4/2021,5,901933,905684,3751,150,50,58,0.7,Macrothrix,0,0,,,,NK,1/20/2022,AB,1/25/222,,,,,
26,RV,2/4/2021,5,901933,905684,3751,150,50,58,0.7,Moina,0,0,,,,NK,1/20/2022,AB,1/25/222,,,,,
26,RV,2/4/2021,5,901933,905684,3751,150,50,58,0.7,Monospilus,0,0,,,,NK,1/20/2022,AB,1/25/222,,,,,
26,RV,2/4/2021,5,901933,905684,3751,150,50,58,0.7,Picripleuroxus,3,1,,,,NK,1/20/2022,AB,1/25/222,,,,,
26,RV,2/4/2021,5,901933,905684,3751,150,50,58,0.7,Pleuroxus,0,0,,,,NK,1/20/2022,AB,1/25/222,,,,,
26,RV,2/4/2021,5,901933,905684,3751,150,50,58,0.7,Pseudochydorus,2,1,,,,NK,1/20/2022,AB,1/25/222,,,,,
26,RV,2/4/2021,5,901933,905684,3751,150,50,58,0.7,Scaphloberis,0,0,,,,NK,1/20/2022,AB,1/25/222,,,,,
26,RV,2/4/2021,5,901933,905684,3751,150,50,58,0.7,Sida,0,0,,,,NK,1/20/2022,AB,1/25/222,,,,,
26,RV,2/4/2021,5,901933,905684,3751,150,50,58,0.7,Simocephalus,1,1,,,,NK,1/20/2022,AB,1/25/222,,,,,
26,RV,2/4/2021,5,901933,905684,3751,150,50,58,0.7,Harpacticoids,2,,,,,NK,1/20/2022,AB,1/25/222,,,,,
26,RV,2/4/2021,5,901933,905684,3751,150,50,58,0.7,Americorophium,0,0,,,,NK,1/20/2022,AB,1/25/222,,,,,
26,RV,2/4/2021,5,901933,905684,3751,150,50,58,0.7,Annelid,0,0,,,,NK,1/20/2022,AB,1/25/222,,,,,
26,RV,2/4/2021,5,901933,905684,3751,150,50,58,0.7,Baby Clam,0,0,,,,NK,1/20/2022,AB,1/25/222,,,,,
26,RV,2/4/2021,5,901933,905684,3751,150,50,58,0.7,Baby snail,0,0,,,,NK,1/20/2022,AB,1/25/222,,,,,
26,RV,2/4/2021,5,901933,905684,3751,150,50,58,0.7,Clam,0,0,,,,NK,1/20/2022,AB,1/25/222,,,,,
26,RV,2/4/2021,5,901933,905684,3751,150,50,58,0.7,Corophium spp.,0,0,,,,NK,1/20/2022,AB,1/25/222,,,,,
26,RV,2/4/2021,5,901933,905684,3751,150,50,58,0.7,Cumacean,0,0,,,,NK,1/20/2022,AB,1/25/222,,,,,
26,RV,2/4/2021,5,901933,905684,3751,150,50,58,0.7,Fish,0,0,,,,NK,1/20/2022,AB,1/25/222,,,,,
26,RV,2/4/2021,5,901933,905684,3751,150,50,58,0.7,Fish eggs,0,0,,,,NK,1/20/2022,AB,1/25/222,,,,,
26,RV,2/4/2021,5,901933,905684,3751,150,50,58,0.7,Gammarus spp.,0,0,,,,NK,1/20/2022,AB,1/25/222,,,,,
26,RV,2/4/2021,5,901933,905684,3751,150,50,58,0.7,Insect larvae,0,0,,,,NK,1/20/2022,AB,1/25/222,,,,,
26,RV,2/4/2021,5,901933,905684,3751,150,50,58,0.7,Isopod,0,0,,,,NK,1/20/2022,AB,1/25/222,,,,,
26,RV,2/4/2021,5,901933,905684,3751,150,50,58,0.7,Larval Fish,0,0,,,,NK,1/20/2022,AB,1/25/222,,,,,
26,RV,2/4/2021,5,901933,905684,3751,150,50,58,0.7,Mysids,0,0,,,,NK,1/20/2022,AB,1/25/222,,,,,
26,RV,2/4/2021,5,901933,905684,3751,150,50,58,0.7,Shrimp ,0,0,,,,NK,1/20/2022,AB,1/25/222,,,,,
26,RV,2/4/2021,5,901933,905684,3751,150,50,58,0.7,Snail,0,0,,,,NK,1/20/2022,AB,1/25/222,,,,,
27,RV,2/9/2021,5,905710,908565,2855,150,50,67,3.2,Rotifers,2,1,,,,NK,1/20/2022,AB,1/25/2022,,,,,
27,RV,2/9/2021,5,905710,908565,2855,150,50,67,3.2,Barnacles ,0,0,,,,NK,1/20/2022,AB,1/25/2022,,,,,
27,RV,2/9/2021,5,905710,908565,2855,150,50,67,3.2,Copepod nauplii ,21,1,,,,NK,1/20/2022,AB,1/25/2022,,,,,
27,RV,2/9/2021,5,905710,908565,2855,150,50,67,3.2,Ostracods,1,1,,,,NK,1/20/2022,AB,1/25/2022,,,,,
27,RV,2/9/2021,5,905710,908565,2855,150,50,67,0.6,Acanthocyclops vernalis adult,1,1,,,,NK,1/20/2022,AB,1/25/2022,,,,,
27,RV,2/9/2021,5,905710,908565,2855,150,50,67,0.6,Acanthocyclops sp.,0,0,,,,NK,1/20/2022,AB,1/25/2022,,,,,
27,RV,2/9/2021,5,905710,908565,2855,150,50,67,0.6,Cyclopoid adult,0,0,,,,NK,1/20/2022,AB,1/25/2022,,,,,
27,RV,2/9/2021,5,905710,908565,2855,150,50,67,0.6,Cyclopoid copepodid,57,1,,,,NK,1/20/2022,AB,1/25/2022,,,,,
27,RV,2/9/2021,5,905710,908565,2855,150,50,67,0.6,Diacyclops thomasi,1,1,,,,NK,1/20/2022,AB,1/25/2022,,,,,
27,RV,2/9/2021,5,905710,908565,2855,150,50,67,0.6,Ectocyclops phaleratus,0,0,,,,NK,1/20/2022,AB,1/25/2022,,,,,
27,RV,2/9/2021,5,905710,908565,2855,150,50,67,0.6,Eucyclops,0,0,,,,NK,1/20/2022,AB,1/25/2022,,,,,
27,RV,2/9/2021,5,905710,908565,2855,150,50,67,0.6,Ergasilus spp.,0,0,,,,NK,1/20/2022,AB,1/25/2022,,,,,
27,RV,2/9/2021,5,905710,908565,2855,150,50,67,0.6,Eucyclops pectinifer,1,1,,,,NK,1/20/2022,AB,1/25/2022,,,,,
27,RV,2/9/2021,5,905710,908565,2855,150,50,67,0.6,Limnoithona copepodid,0,0,,,,NK,1/20/2022,AB,1/25/2022,,,,,
27,RV,2/9/2021,5,905710,908565,2855,150,50,67,0.6,Limnoithona sinensis,0,0,,,,NK,1/20/2022,AB,1/25/2022,,,,,
27,RV,2/9/2021,5,905710,908565,2855,150,50,67,0.6,Limnoithona spp.,0,0,,,,NK,1/20/2022,AB,1/25/2022,,,,,
27,RV,2/9/2021,5,905710,908565,2855,150,50,67,0.6,Limnoithona tetraspina,0,0,,,,NK,1/20/2022,AB,1/25/2022,,,,,
27,RV,2/9/2021,5,905710,908565,2855,150,50,67,0.6,Macrocyclops albidus,0,0,,,,NK,1/20/2022,AB,1/25/2022,,,,,
27,RV,2/9/2021,5,905710,908565,2855,150,50,67,0.6,Mesocyclops edax,0,0,,,,NK,1/20/2022,AB,1/25/2022,,,,,
27,RV,2/9/2021,5,905710,908565,2855,150,50,67,0.6,Microcyclops rubellus,1,1,,,,NK,1/20/2022,AB,1/25/2022,,,,,
27,RV,2/9/2021,5,905710,908565,2855,150,50,67,0.6,Monospilus,0,0,,,,NK,1/20/2022,AB,1/25/2022,,,,,
27,RV,2/9/2021,5,905710,908565,2855,150,50,67,0.6,Oithona copepodid,0,0,,,,NK,1/20/2022,AB,1/25/2022,,,,,
27,RV,2/9/2021,5,905710,908565,2855,150,50,67,0.6,Oithona davisae,0,0,,,,NK,1/20/2022,AB,1/25/2022,,,,,
27,RV,2/9/2021,5,905710,908565,2855,150,50,67,0.6,Oithona similis,0,0,,,,NK,1/20/2022,AB,1/25/2022,,,,,
27,RV,2/9/2021,5,905710,908565,2855,150,50,67,0.6,Oithona spp. ,0,0,,,,NK,1/20/2022,AB,1/25/2022,,,,,
27,RV,2/9/2021,5,905710,908565,2855,150,50,67,0.6,Paracyclops spp.,0,0,,,,NK,1/20/2022,AB,1/25/2022,,,,,
27,RV,2/9/2021,5,905710,908565,2855,150,50,67,0.6,Acartia copepodid,0,0,,,,NK,1/20/2022,AB,1/25/2022,,,,,
27,RV,2/9/2021,5,905710,908565,2855,150,50,67,0.6,Acartia spp.,0,0,,,,NK,1/20/2022,AB,1/25/2022,,,,,
27,RV,2/9/2021,5,905710,908565,2855,150,50,67,0.6,Acartiella copepodid,0,0,,,,NK,1/20/2022,AB,1/25/2022,,,,,
27,RV,2/9/2021,5,905710,908565,2855,150,50,67,0.6,Acartiella sinensis ,0,0,,,,NK,1/20/2022,AB,1/25/2022,,,,,
27,RV,2/9/2021,5,905710,908565,2855,150,50,67,0.6,Calanoid copepodid,87,1,,,,NK,1/20/2022,AB,1/25/2022,,,,,
27,RV,2/9/2021,5,905710,908565,2855,150,50,67,0.6,Diaptomus copepodid,0,0,,,,NK,1/20/2022,AB,1/25/2022,,,,,
27,RV,2/9/2021,5,905710,908565,2855,150,50,67,0.6,Diaptomus spp.,0,0,,,,NK,1/20/2022,AB,1/25/2022,,,,,
27,RV,2/9/2021,5,905710,908565,2855,150,50,67,0.6,Eurytemora affinis adult,14,1,,,,NK,1/20/2022,AB,1/25/2022,,,,,
27,RV,2/9/2021,5,905710,908565,2855,150,50,67,0.6,Eurytemora affinis copepodid,0,0,,,,NK,1/20/2022,AB,1/25/2022,,,,,
27,RV,2/9/2021,5,905710,908565,2855,150,50,67,0.6,Leptodiaptomus siciloides,0,0,,,,NK,1/20/2022,AB,1/25/2022,,,,,
27,RV,2/9/2021,5,905710,908565,2855,150,50,67,0.6,Osphranticum copepodid,0,0,,,,NK,1/20/2022,AB,1/25/2022,,,,,
27,RV,2/9/2021,5,905710,908565,2855,150,50,67,0.6,Osphranticum labronectum,1,1,,,,NK,1/20/2022,AB,1/25/2022,,,,,
27,RV,2/9/2021,5,905710,908565,2855,150,50,67,0.6,Pseudodiaptomus forbesi adult,8,1,,,,NK,1/20/2022,AB,1/25/2022,,,,,
27,RV,2/9/2021,5,905710,908565,2855,150,50,67,0.6,Pseudodiaptomus forbesi copepodid,0,0,,,,NK,1/20/2022,AB,1/25/2022,,,,,
27,RV,2/9/2021,5,905710,908565,2855,150,50,67,0.6,Sinocalanus doerrii adult ,0,0,,,,NK,1/20/2022,AB,1/25/2022,,,,,
27,RV,2/9/2021,5,905710,908565,2855,150,50,67,0.6,Sinocalanus doerrii copepodid,0,0,,,,NK,1/20/2022,AB,1/25/2022,,,,,
27,RV,2/9/2021,5,905710,908565,2855,150,50,67,0.6,Skistodiaptomus pallidus,0,0,,,,NK,1/20/2022,AB,1/25/2022,,,,,
27,RV,2/9/2021,5,905710,908565,2855,150,50,67,0.6,Tortanus copepodid,0,0,,,,NK,1/20/2022,AB,1/25/2022,,,,,
27,RV,2/9/2021,5,905710,908565,2855,150,50,67,0.6,Tortanus spp. ,0,0,,,,NK,1/20/2022,AB,1/25/2022,,,,,
27,RV,2/9/2021,5,905710,908565,2855,150,50,67,0.6,Alona,4,1,,,,NK,1/20/2022,AB,1/25/2022,,,,,
27,RV,2/9/2021,5,905710,908565,2855,150,50,67,0.6,Alonella,1,1,,,,NK,1/20/2022,AB,1/25/2022,,,,,
27,RV,2/9/2021,5,905710,908565,2855,150,50,67,0.6,Anchistropus,9,1,,,,NK,1/20/2022,AB,1/25/2022,,,,,
27,RV,2/9/2021,5,905710,908565,2855,150,50,67,0.6,Bosmina ,0,0,,,,NK,1/20/2022,AB,1/25/2022,,,,,
27,RV,2/9/2021,5,905710,908565,2855,150,50,67,0.6,Camptocercus,0,0,,,,NK,1/20/2022,AB,1/25/2022,,,,,
27,RV,2/9/2021,5,905710,908565,2855,150,50,67,0.6,Ceriodaphnia,3,1,,,,NK,1/20/2022,AB,1/25/2022,,,,,
27,RV,2/9/2021,5,905710,908565,2855,150,50,67,0.6,Chydorus,24,1,,,,NK,1/20/2022,AB,1/25/2022,,,,,
27,RV,2/9/2021,5,905710,908565,2855,150,50,67,0.6,Daphnia,15,1,,,,NK,1/20/2022,AB,1/25/2022,,,,,
27,RV,2/9/2021,5,905710,908565,2855,150,50,67,0.6,Diaphanosoma,0,0,,,,NK,1/20/2022,AB,1/25/2022,,,,,
27,RV,2/9/2021,5,905710,908565,2855,150,50,67,0.6,Disparalona,0,0,,,,NK,1/20/2022,AB,1/25/2022,,,,,
27,RV,2/9/2021,5,905710,908565,2855,150,50,67,0.6,Eurycercus,0,0,,,,NK,1/20/2022,AB,1/25/2022,,,,,
27,RV,2/9/2021,5,905710,908565,2855,150,50,67,0.6,Graptoleberis,0,0,,,,NK,1/20/2022,AB,1/25/2022,,,,,
27,RV,2/9/2021,5,905710,908565,2855,150,50,67,0.6,Ilyocryptus,1,1,,,,NK,1/20/2022,AB,1/25/2022,,,,,
27,RV,2/9/2021,5,905710,908565,2855,150,50,67,0.6,Kurzia,0,0,,,,NK,1/20/2022,AB,1/25/2022,,,,,
27,RV,2/9/2021,5,905710,908565,2855,150,50,67,0.6,Leydigia,0,0,,,,NK,1/20/2022,AB,1/25/2022,,,,,
27,RV,2/9/2021,5,905710,908565,2855,150,50,67,0.6,Macrothrix,0,0,,,,NK,1/20/2022,AB,1/25/2022,,,,,
27,RV,2/9/2021,5,905710,908565,2855,150,50,67,0.6,Moina,0,0,,,,NK,1/20/2022,AB,1/25/2022,,,,,
27,RV,2/9/2021,5,905710,908565,2855,150,50,67,0.6,Monospilus,6,1,,,,NK,1/20/2022,AB,1/25/2022,,,,,
27,RV,2/9/2021,5,905710,908565,2855,150,50,67,0.6,Picripleuroxus,1,1,,,,NK,1/20/2022,AB,1/25/2022,,,,,
27,RV,2/9/2021,5,905710,908565,2855,150,50,67,0.6,Pleuroxus,0,0,,,,NK,1/20/2022,AB,1/25/2022,,,,,
27,RV,2/9/2021,5,905710,908565,2855,150,50,67,0.6,Pseudochydorus,0,0,,,,NK,1/20/2022,AB,1/25/2022,,,,,
27,RV,2/9/2021,5,905710,908565,2855,150,50,67,0.6,Scaphloberis,0,0,,,,NK,1/20/2022,AB,1/25/2022,,,,,
27,RV,2/9/2021,5,905710,908565,2855,150,50,67,0.6,Sida,0,0,,,,NK,1/20/2022,AB,1/25/2022,,,,,
27,RV,2/9/2021,5,905710,908565,2855,150,50,67,0.6,Simocephalus,1,1,,,,NK,1/20/2022,AB,1/25/2022,,,,,
27,RV,2/9/2021,5,905710,908565,2855,150,50,67,0.6,Harpacticoids,3,1,,,,NK,1/20/2022,AB,1/25/2022,,,,,
27,RV,2/9/2021,5,905710,908565,2855,150,50,67,0.6,Americorophium,0,0,,,,NK,1/20/2022,AB,1/25/2022,,,,,
27,RV,2/9/2021,5,905710,908565,2855,150,50,67,0.6,Annelid,0,0,,,,NK,1/20/2022,AB,1/25/2022,,,,,
27,RV,2/9/2021,5,905710,908565,2855,150,50,67,0.6,Baby Clam,0,0,,,,NK,1/20/2022,AB,1/25/2022,,,,,
27,RV,2/9/2021,5,905710,908565,2855,150,50,67,0.6,Baby snail,0,0,,,,NK,1/20/2022,AB,1/25/2022,,,,,
27,RV,2/9/2021,5,905710,908565,2855,150,50,67,0.6,Clam,0,0,,,,NK,1/20/2022,AB,1/25/2022,,,,,
27,RV,2/9/2021,5,905710,908565,2855,150,50,67,0.6,Corophium spp.,0,0,,,,NK,1/20/2022,AB,1/25/2022,,,,,
27,RV,2/9/2021,5,905710,908565,2855,150,50,67,0.6,Cumacean,0,0,,,,NK,1/20/2022,AB,1/25/2022,,,,,
27,RV,2/9/2021,5,905710,908565,2855,150,50,67,0.6,Fish,0,0,,,,NK,1/20/2022,AB,1/25/2022,,,,,
27,RV,2/9/2021,5,905710,908565,2855,150,50,67,0.6,Fish eggs,0,0,,,,NK,1/20/2022,AB,1/25/2022,,,,,
27,RV,2/9/2021,5,905710,908565,2855,150,50,67,0.6,Gammarus spp.,0,0,,,,NK,1/20/2022,AB,1/25/2022,,,,,
27,RV,2/9/2021,5,905710,908565,2855,150,50,67,0.6,Insect larvae,0,0,,,,NK,1/20/2022,AB,1/25/2022,,,,,
27,RV,2/9/2021,5,905710,908565,2855,150,50,67,0.6,Isopod,0,0,,,,NK,1/20/2022,AB,1/25/2022,,,,,
27,RV,2/9/2021,5,905710,908565,2855,150,50,67,0.6,Larval Fish,0,0,,,,NK,1/20/2022,AB,1/25/2022,,,,,
27,RV,2/9/2021,5,905710,908565,2855,150,50,67,0.6,Mysids,0,0,,,,NK,1/20/2022,AB,1/25/2022,,,,,
27,RV,2/9/2021,5,905710,908565,2855,150,50,67,0.6,Shrimp ,0,0,,,,NK,1/20/2022,AB,1/25/2022,,,,,
27,RV,2/9/2021,5,905710,908565,2855,150,50,67,0.6,Snail,0,0,,,,NK,1/20/2022,AB,1/25/2022,,,,,
24,RV,1/21/2021,5,892605,893398,793,150,50,66,2.4,Rotifers,4,1,,,,NK,1/20/2022,AB,1/25/2022,,,,,
24,RV,1/21/2021,5,892605,893398,793,150,50,66,2.4,Barnacles ,0,0,,,,NK,1/20/2022,AB,1/25/2022,,,,,
24,RV,1/21/2021,5,892605,893398,793,150,50,66,2.4,Copepod nauplii ,20,1,,,,NK,1/20/2022,AB,1/25/2022,,,,,
24,RV,1/21/2021,5,892605,893398,793,150,50,66,2.4,Ostracods,1,1,,,,NK,1/20/2022,AB,1/25/2022,,,,,
24,RV,1/21/2021,5,892605,893398,793,150,50,66,1.6,Acanthocyclops vernalis adult,0,0,,,,NK,1/20/2022,AB,1/25/2022,,,,,
24,RV,1/21/2021,5,892605,893398,793,150,50,66,1.6,Acanthocyclops sp.,0,0,,,,NK,1/20/2022,AB,1/25/2022,,,,,
24,RV,1/21/2021,5,892605,893398,793,150,50,66,1.6,Cyclopoid adult,0,0,,,,NK,1/20/2022,AB,1/25/2022,,,,,
24,RV,1/21/2021,5,892605,893398,793,150,50,66,1.6,Cyclopoid copepodid,77,1,,,,NK,1/20/2022,AB,1/25/2022,,,,,
24,RV,1/21/2021,5,892605,893398,793,150,50,66,1.6,Diacyclops thomasi,1,1,,,,NK,1/20/2022,AB,1/25/2022,,,,,
24,RV,1/21/2021,5,892605,893398,793,150,50,66,1.6,Ectocyclops phaleratus,0,0,,,,NK,1/20/2022,AB,1/25/2022,,,,,
24,RV,1/21/2021,5,892605,893398,793,150,50,66,1.6,Eucyclops,0,0,,,,NK,1/20/2022,AB,1/25/2022,,,,,
24,RV,1/21/2021,5,892605,893398,793,150,50,66,1.6,Ergasilus spp.,0,0,,,,NK,1/20/2022,AB,1/25/2022,,,,,
24,RV,1/21/2021,5,892605,893398,793,150,50,66,1.6,Eucyclops pectinifer,10,1,,,,NK,1/20/2022,AB,1/25/2022,,,,,
24,RV,1/21/2021,5,892605,893398,793,150,50,66,1.6,Limnoithona copepodid,0,0,,,,NK,1/20/2022,AB,1/25/2022,,,,,
24,RV,1/21/2021,5,892605,893398,793,150,50,66,1.6,Limnoithona sinensis,0,0,,,,NK,1/20/2022,AB,1/25/2022,,,,,
24,RV,1/21/2021,5,892605,893398,793,150,50,66,1.6,Limnoithona spp.,0,0,,,,NK,1/20/2022,AB,1/25/2022,,,,,
24,RV,1/21/2021,5,892605,893398,793,150,50,66,1.6,Limnoithona tetraspina,0,0,,,,NK,1/20/2022,AB,1/25/2022,,,,,
24,RV,1/21/2021,5,892605,893398,793,150,50,66,1.6,Macrocyclops albidus,0,0,,,,NK,1/20/2022,AB,1/25/2022,,,,,
24,RV,1/21/2021,5,892605,893398,793,150,50,66,1.6,Mesocyclops edax,0,0,,,,NK,1/20/2022,AB,1/25/2022,,,,,
24,RV,1/21/2021,5,892605,893398,793,150,50,66,1.6,Microcyclops rubellus,1,1,,,,NK,1/20/2022,AB,1/25/2022,,,,,
24,RV,1/21/2021,5,892605,893398,793,150,50,66,1.6,Monospilus,0,0,,,,NK,1/20/2022,AB,1/25/2022,,,,,
24,RV,1/21/2021,5,892605,893398,793,150,50,66,1.6,Oithona copepodid,0,0,,,,NK,1/20/2022,AB,1/25/2022,,,,,
24,RV,1/21/2021,5,892605,893398,793,150,50,66,1.6,Oithona davisae,0,0,,,,NK,1/20/2022,AB,1/25/2022,,,,,
24,RV,1/21/2021,5,892605,893398,793,150,50,66,1.6,Oithona similis,0,0,,,,NK,1/20/2022,AB,1/25/2022,,,,,
24,RV,1/21/2021,5,892605,893398,793,150,50,66,1.6,Oithona spp. ,0,0,,,,NK,1/20/2022,AB,1/25/2022,,,,,
24,RV,1/21/2021,5,892605,893398,793,150,50,66,1.6,Paracyclops spp.,0,0,,,,NK,1/20/2022,AB,1/25/2022,,,,,
24,RV,1/21/2021,5,892605,893398,793,150,50,66,1.6,Acartia copepodid,0,0,,,,NK,1/20/2022,AB,1/25/2022,,,,,
24,RV,1/21/2021,5,892605,893398,793,150,50,66,1.6,Acartia spp.,0,0,,,,NK,1/20/2022,AB,1/25/2022,,,,,
24,RV,1/21/2021,5,892605,893398,793,150,50,66,1.6,Acartiella copepodid,0,0,,,,NK,1/20/2022,AB,1/25/2022,,,,,
24,RV,1/21/2021,5,892605,893398,793,150,50,66,1.6,Acartiella sinensis ,0,0,,,,NK,1/20/2022,AB,1/25/2022,,,,,
24,RV,1/21/2021,5,892605,893398,793,150,50,66,1.6,Calanoid copepodid,36,1,,,,NK,1/20/2022,AB,1/25/2022,,,,,
24,RV,1/21/2021,5,892605,893398,793,150,50,66,1.6,Diaptomus copepodid,0,0,,,,NK,1/20/2022,AB,1/25/2022,,,,,
24,RV,1/21/2021,5,892605,893398,793,150,50,66,1.6,Diaptomus spp.,0,0,,,,NK,1/20/2022,AB,1/25/2022,,,,,
24,RV,1/21/2021,5,892605,893398,793,150,50,66,1.6,Eurytemora affinis adult,7,1,,,,NK,1/20/2022,AB,1/25/2022,,,,,
24,RV,1/21/2021,5,892605,893398,793,150,50,66,1.6,Eurytemora affinis copepodid,0,0,,,,NK,1/20/2022,AB,1/25/2022,,,,,
24,RV,1/21/2021,5,892605,893398,793,150,50,66,1.6,Leptodiaptomus siciloides,0,0,,,,NK,1/20/2022,AB,1/25/2022,,,,,
24,RV,1/21/2021,5,892605,893398,793,150,50,66,1.6,Osphranticum copepodid,0,0,,,,NK,1/20/2022,AB,1/25/2022,,,,,
24,RV,1/21/2021,5,892605,893398,793,150,50,66,1.6,Osphranticum labronectum,3,1,,,,NK,1/20/2022,AB,1/25/2022,,,,,
24,RV,1/21/2021,5,892605,893398,793,150,50,66,1.6,Pseudodiaptomus forbesi adult,9,1,,,,NK,1/20/2022,AB,1/25/2022,,,,,
24,RV,1/21/2021,5,892605,893398,793,150,50,66,1.6,Pseudodiaptomus forbesi copepodid,0,0,,,,NK,1/20/2022,AB,1/25/2022,,,,,
24,RV,1/21/2021,5,892605,893398,793,150,50,66,1.6,Sinocalanus doerrii adult ,3,1,,,,NK,1/20/2022,AB,1/25/2022,,,,,
24,RV,1/21/2021,5,892605,893398,793,150,50,66,1.6,Sinocalanus doerrii copepodid,0,0,,,,NK,1/20/2022,AB,1/25/2022,,,,,
24,RV,1/21/2021,5,892605,893398,793,150,50,66,1.6,Skistodiaptomus pallidus,0,0,,,,NK,1/20/2022,AB,1/25/2022,,,,,
24,RV,1/21/2021,5,892605,893398,793,150,50,66,1.6,Tortanus copepodid,0,0,,,,NK,1/20/2022,AB,1/25/2022,,,,,
24,RV,1/21/2021,5,892605,893398,793,150,50,66,1.6,Tortanus spp. ,0,0,,,,NK,1/20/2022,AB,1/25/2022,,,,,
24,RV,1/21/2021,5,892605,893398,793,150,50,66,1.6,Alona,0,0,,,,NK,1/20/2022,AB,1/25/2022,,,,,
24,RV,1/21/2021,5,892605,893398,793,150,50,66,1.6,Alonella,2,1,,,,NK,1/20/2022,AB,1/25/2022,,,,,
24,RV,1/21/2021,5,892605,893398,793,150,50,66,1.6,Anchistropus,0,0,,,,NK,1/20/2022,AB,1/25/2022,,,,,
24,RV,1/21/2021,5,892605,893398,793,150,50,66,1.6,Bosmina ,6,1,,,,NK,1/20/2022,AB,1/25/2022,,,,,
24,RV,1/21/2021,5,892605,893398,793,150,50,66,1.6,Camptocercus,0,0,,,,NK,1/20/2022,AB,1/25/2022,,,,,
24,RV,1/21/2021,5,892605,893398,793,150,50,66,1.6,Ceriodaphnia,3,1,,,,NK,1/20/2022,AB,1/25/2022,,,,,
24,RV,1/21/2021,5,892605,893398,793,150,50,66,1.6,Chydorus,30,1,,,,NK,1/20/2022,AB,1/25/2022,,,,,
24,RV,1/21/2021,5,892605,893398,793,150,50,66,1.6,Daphnia,2,1,,,,NK,1/20/2022,AB,1/25/2022,,,,,
24,RV,1/21/2021,5,892605,893398,793,150,50,66,1.6,Diaphanosoma,0,0,,,,NK,1/20/2022,AB,1/25/2022,,,,,
24,RV,1/21/2021,5,892605,893398,793,150,50,66,1.6,Disparalona,0,0,,,,NK,1/20/2022,AB,1/25/2022,,,,,
24,RV,1/21/2021,5,892605,893398,793,150,50,66,1.6,Eurycercus,2,1,,,,NK,1/20/2022,AB,1/25/2022,,,,,
24,RV,1/21/2021,5,892605,893398,793,150,50,66,1.6,Graptoleberis,1,1,,,,NK,1/20/2022,AB,1/25/2022,,,,,
24,RV,1/21/2021,5,892605,893398,793,150,50,66,1.6,Ilyocryptus,0,0,,,,NK,1/20/2022,AB,1/25/2022,,,,,
24,RV,1/21/2021,5,892605,893398,793,150,50,66,1.6,Kurzia,0,0,,,,NK,1/20/2022,AB,1/25/2022,,,,,
24,RV,1/21/2021,5,892605,893398,793,150,50,66,1.6,Leydigia,0,0,,,,NK,1/20/2022,AB,1/25/2022,,,,,
24,RV,1/21/2021,5,892605,893398,793,150,50,66,1.6,Macrothrix,0,0,,,,NK,1/20/2022,AB,1/25/2022,,,,,
24,RV,1/21/2021,5,892605,893398,793,150,50,66,1.6,Moina,0,0,,,,NK,1/20/2022,AB,1/25/2022,,,,,
24,RV,1/21/2021,5,892605,893398,793,150,50,66,1.6,Monospilus,0,0,,,,NK,1/20/2022,AB,1/25/2022,,,,,
24,RV,1/21/2021,5,892605,893398,793,150,50,66,1.6,Picripleuroxus,0,0,,,,NK,1/20/2022,AB,1/25/2022,,,,,
24,RV,1/21/2021,5,892605,893398,793,150,50,66,1.6,Pleuroxus,0,0,,,,NK,1/20/2022,AB,1/25/2022,,,,,
24,RV,1/21/2021,5,892605,893398,793,150,50,66,1.6,Pseudochydorus,0,0,,,,NK,1/20/2022,AB,1/25/2022,,,,,
24,RV,1/21/2021,5,892605,893398,793,150,50,66,1.6,Scaphloberis,0,0,,,,NK,1/20/2022,AB,1/25/2022,,,,,
24,RV,1/21/2021,5,892605,893398,793,150,50,66,1.6,Sida,0,0,,,,NK,1/20/2022,AB,1/25/2022,,,,,
24,RV,1/21/2021,5,892605,893398,793,150,50,66,1.6,Simocephalus,0,0,,,,NK,1/20/2022,AB,1/25/2022,,,,,
24,RV,1/21/2021,5,892605,893398,793,150,50,66,1.6,Harpacticoids,12,1,,,,NK,1/20/2022,AB,1/25/2022,,,,,
24,RV,1/21/2021,5,892605,893398,793,150,50,66,1.6,Americorophium,0,0,,,,NK,1/20/2022,AB,1/25/2022,,,,,
24,RV,1/21/2021,5,892605,893398,793,150,50,66,1.6,Annelid,0,0,,,,NK,1/20/2022,AB,1/25/2022,,,,,
24,RV,1/21/2021,5,892605,893398,793,150,50,66,1.6,Baby Clam,0,0,,,,NK,1/20/2022,AB,1/25/2022,,,,,
24,RV,1/21/2021,5,892605,893398,793,150,50,66,1.6,Baby snail,0,0,,,,NK,1/20/2022,AB,1/25/2022,,,,,
24,RV,1/21/2021,5,892605,893398,793,150,50,66,1.6,Clam,0,0,,,,NK,1/20/2022,AB,1/25/2022,,,,,
24,RV,1/21/2021,5,892605,893398,793,150,50,66,1.6,Corophium spp.,0,0,,,,NK,1/20/2022,AB,1/25/2022,,,,,
24,RV,1/21/2021,5,892605,893398,793,150,50,66,1.6,Cumacean,0,0,,,,NK,1/20/2022,AB,1/25/2022,,,,,
24,RV,1/21/2021,5,892605,893398,793,150,50,66,1.6,Fish,0,0,,,,NK,1/20/2022,AB,1/25/2022,,,,,
24,RV,1/21/2021,5,892605,893398,793,150,50,66,1.6,Fish eggs,0,0,,,,NK,1/20/2022,AB,1/25/2022,,,,,
24,RV,1/21/2021,5,892605,893398,793,150,50,66,1.6,Gammarus spp.,0,0,,,,NK,1/20/2022,AB,1/25/2022,,,,,
24,RV,1/21/2021,5,892605,893398,793,150,50,66,1.6,Insect larvae,0,0,,,,NK,1/20/2022,AB,1/25/2022,,,,,
24,RV,1/21/2021,5,892605,893398,793,150,50,66,1.6,Isopod,0,0,,,,NK,1/20/2022,AB,1/25/2022,,,,,
24,RV,1/21/2021,5,892605,893398,793,150,50,66,1.6,Larval Fish,0,0,,,,NK,1/20/2022,AB,1/25/2022,,,,,
24,RV,1/21/2021,5,892605,893398,793,150,50,66,1.6,Mysids,0,0,,,,NK,1/20/2022,AB,1/25/2022,,,,,
24,RV,1/21/2021,5,892605,893398,793,150,50,66,1.6,Shrimp ,0,0,,,,NK,1/20/2022,AB,1/25/2022,,,,,
24,RV,1/21/2021,5,892605,893398,793,150,50,66,1.6,Snail,0,0,,,,NK,1/20/2022,AB,1/25/2022,,,,,
,,,,,,,,,,,,,,,,,,,,,,,,,
,,,,,,,,,,,,,,,,,,,,,,,,,
,,,,,,,,,,,,,,,,,,,,,,,,,
,,,,,,,,,,,,,,,,,,,,,,,,,
,,,,,,,,,,,,,,,,,,,,,,,,,
,,,,,,,,,,,,,,,,,,,,,,,,,
,,,,,,,,,,,,,,,,,,,,,,,,,
,,,,,,,,,,,,,,,,,,,,,,,,,
,,,,,,,,,,,,,,,,,,,,,,,,,
,,,,,,,,,,,,,,,,,,,,,,,,,
,,,,,,,,,,,,,,,,,,,,,,,,,
,,,,,,,,,,,,,,,,,,,,,,,,,
,,,,,,,,,,,,,,,,,,,,,,,,,
,,,,,,,,,,,,,,,,,,,,,,,,,
,,,,,,,,,,,,,,,,,,,,,,,,,
,,,,,,,,,,,,,,,,,,,,,,,,,
,,,,,,,,,,,,,,,,,,,,,,,,,
,,,,,,,,,,,,,,,,,,,,,,,,,
,,,,,,,,,,,,,,,,,,,,,,,,,
,,,,,,,,,,,,,,,,,,,,,,,,,
,,,,,,,,,,,,,,,,,,,,,,,,,
,,,,,,,,,,,,,,,,,,,,,,,,,
,,,,,,,,,,,,,,,,,,,,,,,,,
,,,,,,,,,,,,,,,,,,,,,,,,,
,,,,,,,,,,,,,,,,,,,,,,,,,
,,,,,,,,,,,,,,,,,,,,,,,,,
,,,,,,,,,,,,,,,,,,,,,,,,,
,,,,,,,,,,,,,,,,,,,,,,,,,
,,,,,,,,,,,,,,,,,,,,,,,,,
,,,,,,,,,,,,,,,,,,,,,,,,,
,,,,,,,,,,,,,,,,,,,,,,,,,
,,,,,,,,,,,,,,,,,,,,,,,,,
,,,,,,,,,,,,,,,,,,,,,,,,,
,,,,,,,,,,,,,,,,,,,,,,,,,
,,,,,,,,,,,,,,,,,,,,,,,,,
,,,,,,,,,,,,,,,,,,,,,,,,,
,,,,,,,,,,,,,,,,,,,,,,,,,
,,,,,,,,,,,,,,,,,,,,,,,,,
,,,,,,,,,,,,,,,,,,,,,,,,,
,,,,,,,,,,,,,,,,,,,,,,,,,
,,,,,,,,,,,,,,,,,,,,,,,,,
,,,,,,,,,,,,,,,,,,,,,,,,,
,,,,,,,,,,,,,,,,,,,,,,,,,
,,,,,,,,,,,,,,,,,,,,,,,,,
,,,,,,,,,,,,,,,,,,,,,,,,,
,,,,,,,,,,,,,,,,,,,,,,,,,
,,,,,,,,,,,,,,,,,,,,,,,,,
,,,,,,,,,,,,,,,,,,,,,,,,,
,,,,,,,,,,,,,,,,,,,,,,,,,
,,,,,,,,,,,,,,,,,,,,,,,,,
,,,,,,,,,,,,,,,,,,,,,,,,,
,,,,,,,,,,,,,,,,,,,,,,,,,
,,,,,,,,,,,,,,,,,,,,,,,,,
,,,,,,,,,,,,,,,,,,,,,,,,,
,,,,,,,,,,,,,,,,,,,,,,,,,
,,,,,,,,,,,,,,,,,,,,,,,,,
,,,,,,,,,,,,,,,,,,,,,,,,,
,,,,,,,,,,,,,,,,,,,,,,,,,
,,,,,,,,,,,,,,,,,,,,,,,,,
,,,,,,,,,,,,,,,,,,,,,,,,,
,,,,,,,,,,,,,,,,,,,,,,,,,
,,,,,,,,,,,,,,,,,,,,,,,,,
,,,,,,,,,,,,,,,,,,,,,,,,,
,,,,,,,,,,,,,,,,,,,,,,,,,
,,,,,,,,,,,,,,,,,,,,,,,,,
,,,,,,,,,,,,,,,,,,,,,,,,,
,,,,,,,,,,,,,,,,,,,,,,,,,
,,,,,,,,,,,,,,,,,,,,,,,,,
,,,,,,,,,,,,,,,,,,,,,,,,,
,,,,,,,,,,,,,,,,,,,,,,,,,
,,,,,,,,,,,,,,,,,,,,,,,,,
,,,,,,,,,,,,,,,,,,,,,,,,,
,,,,,,,,,,,,,,,,,,,,,,,,,
,,,,,,,,,,,,,,,,,,,,,,,,,
,,,,,,,,,,,,,,,,,,,,,,,,,
,,,,,,,,,,,,,,,,,,,,,,,,,
,,,,,,,,,,,,,,,,,,,,,,,,,
,,,,,,,,,,,,,,,,,,,,,,,,,
,,,,,,,,,,,,,,,,,,,,,,,,,
,,,,,,,,,,,,,,,,,,,,,,,,,
,,,,,,,,,,,,,,,,,,,,,,,,,
,,,,,,,,,,,,,,,,,,,,,,,,,
,,,,,,,,,,,,,,,,,,,,,,,,,
,,,,,,,,,,,,,,,,,,,,,,,,,
,,,,,,,,,,,,,,,,,,,,,,,,,
,,,,,,,,,,,,,,,,,,,,,,,,,
,,,,,,,,,,,,,,,,,,,,,,,,,
,,,,,,,,,,,,,,,,,,,,,,,,,
,,,,,,,,,,,,,,,,,,,,,,,,,
,,,,,,,,,,,,,,,,,,,,,,,,,
,,,,,,,,,,,,,,,,,,,,,,,,,
,,,,,,,,,,,,,,,,,,,,,,,,,
,,,,,,,,,,,,,,,,,,,,,,,,,
,,,,,,,,,,,,,,,,,,,,,,,,,
,,,,,,,,,,,,,,,,,,,,,,,,,
,,,,,,,,,,,,,,,,,,,,,,,,,
,,,,,,,,,,,,,,,,,,,,,,,,,
,,,,,,,,,,,,,,,,,,,,,,,,,
,,,,,,,,,,,,,,,,,,,,,,,,,
,,,,,,,,,,,,,,,,,,,,,,,,,
,,,,,,,,,,,,,,,,,,,,,,,,,
,,,,,,,,,,,,,,,,,,,,,,,,,
,,,,,,,,,,,,,,,,,,,,,,,,,
,,,,,,,,,,,,,,,,,,,,,,,,,
,,,,,,,,,,,,,,,,,,,,,,,,,
,,,,,,,,,,,,,,,,,,,,,,,,,
,,,,,,,,,,,,,,,,,,,,,,,,,
,,,,,,,,,,,,,,,,,,,,,,,,,
,,,,,,,,,,,,,,,,,,,,,,,,,
,,,,,,,,,,,,,,,,,,,,,,,,,
,,,,,,,,,,,,,,,,,,,,,,,,,
,,,,,,,,,,,,,,,,,,,,,,,,,
,,,,,,,,,,,,,,,,,,,,,,,,,
,,,,,,,,,,,,,,,,,,,,,,,,,
,,,,,,,,,,,,,,,,,,,,,,,,,
,,,,,,,,,,,,,,,,,,,,,,,,,
,,,,,,,,,,,,,,,,,,,,,,,,,
,,,,,,,,,,,,,,,,,,,,,,,,,
,,,,,,,,,,,,,,,,,,,,,,,,,
,,,,,,,,,,,,,,,,,,,,,,,,,
,,,,,,,,,,,,,,,,,,,,,,,,,
,,,,,,,,,,,,,,,,,,,,,,,,,
,,,,,,,,,,,,,,,,,,,,,,,,,
,,,,,,,,,,,,,,,,,,,,,,,,,
,,,,,,,,,,,,,,,,,,,,,,,,,
,,,,,,,,,,,,,,,,,,,,,,,,,
,,,,,,,,,,,,,,,,,,,,,,,,,
,,,,,,,,,,,,,,,,,,,,,,,,,
,,,,,,,,,,,,,,,,,,,,,,,,,
,,,,,,,,,,,,,,,,,,,,,,,,,
,,,,,,,,,,,,,,,,,,,,,,,,,
,,,,,,,,,,,,,,,,,,,,,,,,,
,,,,,,,,,,,,,,,,,,,,,,,,,
,,,,,,,,,,,,,,,,,,,,,,,,,
,,,,,,,,,,,,,,,,,,,,,,,,,
,,,,,,,,,,,,,,,,,,,,,,,,,
,,,,,,,,,,,,,,,,,,,,,,,,,
,,,,,,,,,,,,,,,,,,,,,,,,,
,,,,,,,,,,,,,,,,,,,,,,,,,
,,,,,,,,,,,,,,,,,,,,,,,,,
,,,,,,,,,,,,,,,,,,,,,,,,,
,,,,,,,,,,,,,,,,,,,,,,,,,
,,,,,,,,,,,,,,,,,,,,,,,,,
,,,,,,,,,,,,,,,,,,,,,,,,,
,,,,,,,,,,,,,,,,,,,,,,,,,
,,,,,,,,,,,,,,,,,,,,,,,,,
,,,,,,,,,,,,,,,,,,,,,,,,,
,,,,,,,,,,,,,,,,,,,,,,,,,
,,,,,,,,,,,,,,,,,,,,,,,,,
,,,,,,,,,,,,,,,,,,,,,,,,,
,,,,,,,,,,,,,,,,,,,,,,,,,
,,,,,,,,,,,,,,,,,,,,,,,,,
,,,,,,,,,,,,,,,,,,,,,,,,,
,,,,,,,,,,,,,,,,,,,,,,,,,
,,,,,,,,,,,,,,,,,,,,,,,,,
,,,,,,,,,,,,,,,,,,,,,,,,,
,,,,,,,,,,,,,,,,,,,,,,,,,
,,,,,,,,,,,,,,,,,,,,,,,,,
,,,,,,,,,,,,,,,,,,,,,,,,,
,,,,,,,,,,,,,,,,,,,,,,,,,
,,,,,,,,,,,,,,,,,,,,,,,,,
,,,,,,,,,,,,,,,,,,,,,,,,,
,,,,,,,,,,,,,,,,,,,,,,,,,
,,,,,,,,,,,,,,,,,,,,,,,,,
,,,,,,,,,,,,,,,,,,,,,,,,,
,,,,,,,,,,,,,,,,,,,,,,,,,
,,,,,,,,,,,,,,,,,,,,,,,,,
,,,,,,,,,,,,,,,,,,,,,,,,,
,,,,,,,,,,,,,,,,,,,,,,,,,
,,,,,,,,,,,,,,,,,,,,,,,,,
,,,,,,,,,,,,,,,,,,,,,,,,,
,,,,,,,,,,,,,,,,,,,,,,,,,
,,,,,,,,,,,,,,,,,,,,,,,,,
,,,,,,,,,,,,,,,,,,,,,,,,,
,,,,,,,,,,,,,,,,,,,,,,,,,
,,,,,,,,,,,,,,,,,,,,,,,,,
,,,,,,,,,,,,,,,,,,,,,,,,,
,,,,,,,,,,,,,,,,,,,,,,,,,
,,,,,,,,,,,,,,,,,,,,,,,,,
,,,,,,,,,,,,,,,,,,,,,,,,,
,,,,,,,,,,,,,,,,,,,,,,,,,
,,,,,,,,,,,,,,,,,,,,,,,,,
,,,,,,,,,,,,,,,,,,,,,,,,,
,,,,,,,,,,,,,,,,,,,,,,,,,
,,,,,,,,,,,,,,,,,,,,,,,,,
,,,,,,,,,,,,,,,,,,,,,,,,,
,,,,,,,,,,,,,,,,,,,,,,,,,
,,,,,,,,,,,,,,,,,,,,,,,,,
,,,,,,,,,,,,,,,,,,,,,,,,,
,,,,,,,,,,,,,,,,,,,,,,,,,
,,,,,,,,,,,,,,,,,,,,,,,,,
,,,,,,,,,,,,,,,,,,,,,,,,,
,,,,,,,,,,,,,,,,,,,,,,,,,
,,,,,,,,,,,,,,,,,,,,,,,,,
,,,,,,,,,,,,,,,,,,,,,,,,,
,,,,,,,,,,,,,,,,,,,,,,,,,
,,,,,,,,,,,,,,,,,,,,,,,,,
,,,,,,,,,,,,,,,,,,,,,,,,,
,,,,,,,,,,,,,,,,,,,,,,,,,
,,,,,,,,,,,,,,,,,,,,,,,,,
,,,,,,,,,,,,,,,,,,,,,,,,,
,,,,,,,,,,,,,,,,,,,,,,,,,
,,,,,,,,,,,,,,,,,,,,,,,,,
,,,,,,,,,,,,,,,,,,,,,,,,,
,,,,,,,,,,,,,,,,,,,,,,,,,
,,,,,,,,,,,,,,,,,,,,,,,,,
,,,,,,,,,,,,,,,,,,,,,,,,,
,,,,,,,,,,,,,,,,,,,,,,,,,
,,,,,,,,,,,,,,,,,,,,,,,,,
,,,,,,,,,,,,,,,,,,,,,,,,,
,,,,,,,,,,,,,,,,,,,,,,,,,
,,,,,,,,,,,,,,,,,,,,,,,,,
,,,,,,,,,,,,,,,,,,,,,,,,,
,,,,,,,,,,,,,,,,,,,,,,,,,
,,,,,,,,,,,,,,,,,,,,,,,,,
,,,,,,,,,,,,,,,,,,,,,,,,,
,,,,,,,,,,,,,,,,,,,,,,,,,
,,,,,,,,,,,,,,,,,,,,,,,,,
,,,,,,,,,,,,,,,,,,,,,,,,,
,,,,,,,,,,,,,,,,,,,,,,,,,
,,,,,,,,,,,,,,,,,,,,,,,,,
,,,,,,,,,,,,,,,,,,,,,,,,,
,,,,,,,,,,,,,,,,,,,,,,,,,
,,,,,,,,,,,,,,,,,,,,,,,,,
,,,,,,,,,,,,,,,,,,,,,,,,,
,,,,,,,,,,,,,,,,,,,,,,,,,
,,,,,,,,,,,,,,,,,,,,,,,,,
,,,,,,,,,,,,,,,,,,,,,,,,,
,,,,,,,,,,,,,,,,,,,,,,,,,
,,,,,,,,,,,,,,,,,,,,,,,,,
,,,,,,,,,,,,,,,,,,,,,,,,,
,,,,,,,,,,,,,,,,,,,,,,,,,
,,,,,,,,,,,,,,,,,,,,,,,,,
,,,,,,,,,,,,,,,,,,,,,,,,,
,,,,,,,,,,,,,,,,,,,,,,,,,
,,,,,,,,,,,,,,,,,,,,,,,,,
,,,,,,,,,,,,,,,,,,,,,,,,,
,,,,,,,,,,,,,,,,,,,,,,,,,
,,,,,,,,,,,,,,,,,,,,,,,,,
,,,,,,,,,,,,,,,,,,,,,,,,,
,,,,,,,,,,,,,,,,,,,,,,,,,
,,,,,,,,,,,,,,,,,,,,,,,,,
,,,,,,,,,,,,,,,,,,,,,,,,,
,,,,,,,,,,,,,,,,,,,,,,,,,
,,,,,,,,,,,,,,,,,,,,,,,,,
,,,,,,,,,,,,,,,,,,,,,,,,,
,,,,,,,,,,,,,,,,,,,,,,,,,
,,,,,,,,,,,,,,,,,,,,,,,,,
,,,,,,,,,,,,,,,,,,,,,,,,,
,,,,,,,,,,,,,,,,,,,,,,,,,
,,,,,,,,,,,,,,,,,,,,,,,,,
,,,,,,,,,,,,,,,,,,,,,,,,,
,,,,,,,,,,,,,,,,,,,,,,,,,
,,,,,,,,,,,,,,,,,,,,,,,,,
,,,,,,,,,,,,,,,,,,,,,,,,,
,,,,,,,,,,,,,,,,,,,,,,,,,
,,,,,,,,,,,,,,,,,,,,,,,,,
,,,,,,,,,,,,,,,,,,,,,,,,,
,,,,,,,,,,,,,,,,,,,,,,,,,
,,,,,,,,,,,,,,,,,,,,,,,,,
,,,,,,,,,,,,,,,,,,,,,,,,,
,,,,,,,,,,,,,,,,,,,,,,,,,
,,,,,,,,,,,,,,,,,,,,,,,,,
,,,,,,,,,,,,,,,,,,,,,,,,,
,,,,,,,,,,,,,,,,,,,,,,,,,
,,,,,,,,,,,,,,,,,,,,,,,,,
,,,,,,,,,,,,,,,,,,,,,,,,,
,,,,,,,,,,,,,,,,,,,,,,,,,
,,,,,,,,,,,,,,,,,,,,,,,,,
,,,,,,,,,,,,,,,,,,,,,,,,,
,,,,,,,,,,,,,,,,,,,,,,,,,
,,,,,,,,,,,,,,,,,,,,,,,,,
,,,,,,,,,,,,,,,,,,,,,,,,,
,,,,,,,,,,,,,,,,,,,,,,,,,
,,,,,,,,,,,,,,,,,,,,,,,,,
,,,,,,,,,,,,,,,,,,,,,,,,,
,,,,,,,,,,,,,,,,,,,,,,,,,
,,,,,,,,,,,,,,,,,,,,,,,,,
,,,,,,,,,,,,,,,,,,,,,,,,,
,,,,,,,,,,,,,,,,,,,,,,,,,
,,,,,,,,,,,,,,,,,,,,,,,,,
,,,,,,,,,,,,,,,,,,,,,,,,,
,,,,,,,,,,,,,,,,,,,,,,,,,
,,,,,,,,,,,,,,,,,,,,,,,,,
,,,,,,,,,,,,,,,,,,,,,,,,,
,,,,,,,,,,,,,,,,,,,,,,,,,
,,,,,,,,,,,,,,,,,,,,,,,,,
,,,,,,,,,,,,,,,,,,,,,,,,,
,,,,,,,,,,,,,,,,,,,,,,,,,
,,,,,,,,,,,,,,,,,,,,,,,,,
,,,,,,,,,,,,,,,,,,,,,,,,,
,,,,,,,,,,,,,,,,,,,,,,,,,
,,,,,,,,,,,,,,,,,,,,,,,,,
,,,,,,,,,,,,,,,,,,,,,,,,,
,,,,,,,,,,,,,,,,,,,,,,,,,
,,,,,,,,,,,,,,,,,,,,,,,,,
,,,,,,,,,,,,,,,,,,,,,,,,,
,,,,,,,,,,,,,,,,,,,,,,,,,
,,,,,,,,,,,,,,,,,,,,,,,,,
,,,,,,,,,,,,,,,,,,,,,,,,,
,,,,,,,,,,,,,,,,,,,,,,,,,
,,,,,,,,,,,,,,,,,,,,,,,,,
,,,,,,,,,,,,,,,,,,,,,,,,,
,,,,,,,,,,,,,,,,,,,,,,,,,
,,,,,,,,,,,,,,,,,,,,,,,,,
,,,,,,,,,,,,,,,,,,,,,,,,,
,,,,,,,,,,,,,,,,,,,,,,,,,
,,,,,,,,,,,,,,,,,,,,,,,,,
,,,,,,,,,,,,,,,,,,,,,,,,,
,,,,,,,,,,,,,,,,,,,,,,,,,
,,,,,,,,,,,,,,,,,,,,,,,,,
,,,,,,,,,,,,,,,,,,,,,,,,,
,,,,,,,,,,,,,,,,,,,,,,,,,
,,,,,,,,,,,,,,,,,,,,,,,,,
,,,,,,,,,,,,,,,,,,,,,,,,,
,,,,,,,,,,,,,,,,,,,,,,,,,
,,,,,,,,,,,,,,,,,,,,,,,,,
,,,,,,,,,,,,,,,,,,,,,,,,,
,,,,,,,,,,,,,,,,,,,,,,,,,
,,,,,,,,,,,,,,,,,,,,,,,,,
,,,,,,,,,,,,,,,,,,,,,,,,,
,,,,,,,,,,,,,,,,,,,,,,,,,
,,,,,,,,,,,,,,,,,,,,,,,,,
,,,,,,,,,,,,,,,,,,,,,,,,,
,,,,,,,,,,,,,,,,,,,,,,,,,
,,,,,,,,,,,,,,,,,,,,,,,,,
,,,,,,,,,,,,,,,,,,,,,,,,,
,,,,,,,,,,,,,,,,,,,,,,,,,
,,,,,,,,,,,,,,,,,,,,,,,,,
,,,,,,,,,,,,,,,,,,,,,,,,,
,,,,,,,,,,,,,,,,,,,,,,,,,
,,,,,,,,,,,,,,,,,,,,,,,,,
,,,,,,,,,,,,,,,,,,,,,,,,,
,,,,,,,,,,,,,,,,,,,,,,,,,
,,,,,,,,,,,,,,,,,,,,,,,,,
,,,,,,,,,,,,,,,,,,,,,,,,,
,,,,,,,,,,,,,,,,,,,,,,,,,
,,,,,,,,,,,,,,,,,,,,,,,,,
,,,,,,,,,,,,,,,,,,,,,,,,,
,,,,,,,,,,,,,,,,,,,,,,,,,
,,,,,,,,,,,,,,,,,,,,,,,,,
,,,,,,,,,,,,,,,,,,,,,,,,,
,,,,,,,,,,,,,,,,,,,,,,,,,
,,,,,,,,,,,,,,,,,,,,,,,,,
,,,,,,,,,,,,,,,,,,,,,,,,,
,,,,,,,,,,,,,,,,,,,,,,,,,
,,,,,,,,,,,,,,,,,,,,,,,,,
,,,,,,,,,,,,,,,,,,,,,,,,,
,,,,,,,,,,,,,,,,,,,,,,,,,
,,,,,,,,,,,,,,,,,,,,,,,,,
,,,,,,,,,,,,,,,,,,,,,,,,,
,,,,,,,,,,,,,,,,,,,,,,,,,
,,,,,,,,,,,,,,,,,,,,,,,,,
,,,,,,,,,,,,,,,,,,,,,,,,,
,,,,,,,,,,,,,,,,,,,,,,,,,
,,,,,,,,,,,,,,,,,,,,,,,,,
,,,,,,,,,,,,,,,,,,,,,,,,,
,,,,,,,,,,,,,,,,,,,,,,,,,
,,,,,,,,,,,,,,,,,,,,,,,,,
,,,,,,,,,,,,,,,,,,,,,,,,,
,,,,,,,,,,,,,,,,,,,,,,,,,
,,,,,,,,,,,,,,,,,,,,,,,,,
,,,,,,,,,,,,,,,,,,,,,,,,,
,,,,,,,,,,,,,,,,,,,,,,,,,
,,,,,,,,,,,,,,,,,,,,,,,,,
,,,,,,,,,,,,,,,,,,,,,,,,,
,,,,,,,,,,,,,,,,,,,,,,,,,
,,,,,,,,,,,,,,,,,,,,,,,,,
,,,,,,,,,,,,,,,,,,,,,,,,,
,,,,,,,,,,,,,,,,,,,,,,,,,
,,,,,,,,,,,,,,,,,,,,,,,,,
,,,,,,,,,,,,,,,,,,,,,,,,,
,,,,,,,,,,,,,,,,,,,,,,,,,
,,,,,,,,,,,,,,,,,,,,,,,,,
,,,,,,,,,,,,,,,,,,,,,,,,,
,,,,,,,,,,,,,,,,,,,,,,,,,
,,,,,,,,,,,,,,,,,,,,,,,,,
,,,,,,,,,,,,,,,,,,,,,,,,,
,,,,,,,,,,,,,,,,,,,,,,,,,
,,,,,,,,,,,,,,,,,,,,,,,,,
,,,,,,,,,,,,,,,,,,,,,,,,,
,,,,,,,,,,,,,,,,,,,,,,,,,
,,,,,,,,,,,,,,,,,,,,,,,,,
,,,,,,,,,,,,,,,,,,,,,,,,,
,,,,,,,,,,,,,,,,,,,,,,,,,
,,,,,,,,,,,,,,,,,,,,,,,,,
,,,,,,,,,,,,,,,,,,,,,,,,,
,,,,,,,,,,,,,,,,,,,,,,,,,
,,,,,,,,,,,,,,,,,,,,,,,,,
,,,,,,,,,,,,,,,,,,,,,,,,,
,,,,,,,,,,,,,,,,,,,,,,,,,
,,,,,,,,,,,,,,,,,,,,,,,,,
,,,,,,,,,,,,,,,,,,,,,,,,,
,,,,,,,,,,,,,,,,,,,,,,,,,
,,,,,,,,,,,,,,,,,,,,,,,,,
,,,,,,,,,,,,,,,,,,,,,,,,,
,,,,,,,,,,,,,,,,,,,,,,,,,
,,,,,,,,,,,,,,,,,,,,,,,,,
,,,,,,,,,,,,,,,,,,,,,,,,,
,,,,,,,,,,,,,,,,,,,,,,,,,
,,,,,,,,,,,,,,,,,,,,,,,,,
,,,,,,,,,,,,,,,,,,,,,,,,,
,,,,,,,,,,,,,,,,,,,,,,,,,
,,,,,,,,,,,,,,,,,,,,,,,,,
,,,,,,,,,,,,,,,,,,,,,,,,,
,,,,,,,,,,,,,,,,,,,,,,,,,
,,,,,,,,,,,,,,,,,,,,,,,,,
,,,,,,,,,,,,,,,,,,,,,,,,,
,,,,,,,,,,,,,,,,,,,,,,,,,
,,,,,,,,,,,,,,,,,,,,,,,,,
,,,,,,,,,,,,,,,,,,,,,,,,,
,,,,,,,,,,,,,,,,,,,,,,,,,
,,,,,,,,,,,,,,,,,,,,,,,,,
,,,,,,,,,,,,,,,,,,,,,,,,,
,,,,,,,,,,,,,,,,,,,,,,,,,
,,,,,,,,,,,,,,,,,,,,,,,,,
,,,,,,,,,,,,,,,,,,,,,,,,,
,,,,,,,,,,,,,,,,,,,,,,,,,
,,,,,,,,,,,,,,,,,,,,,,,,,
,,,,,,,,,,,,,,,,,,,,,,,,,
,,,,,,,,,,,,,,,,,,,,,,,,,
,,,,,,,,,,,,,,,,,,,,,,,,,
,,,,,,,,,,,,,,,,,,,,,,,,,
,,,,,,,,,,,,,,,,,,,,,,,,,
,,,,,,,,,,,,,,,,,,,,,,,,,
,,,,,,,,,,,,,,,,,,,,,,,,,
,,,,,,,,,,,,,,,,,,,,,,,,,
,,,,,,,,,,,,,,,,,,,,,,,,,
,,,,,,,,,,,,,,,,,,,,,,,,,
,,,,,,,,,,,,,,,,,,,,,,,,,
,,,,,,,,,,,,,,,,,,,,,,,,,
,,,,,,,,,,,,,,,,,,,,,,,,,
,,,,,,,,,,,,,,,,,,,,,,,,,
,,,,,,,,,,,,,,,,,,,,,,,,,
,,,,,,,,,,,,,,,,,,,,,,,,,
,,,,,,,,,,,,,,,,,,,,,,,,,
,,,,,,,,,,,,,,,,,,,,,,,,,
,,,,,,,,,,,,,,,,,,,,,,,,,
,,,,,,,,,,,,,,,,,,,,,,,,,
,,,,,,,,,,,,,,,,,,,,,,,,,
,,,,,,,,,,,,,,,,,,,,,,,,,
,,,,,,,,,,,,,,,,,,,,,,,,,
,,,,,,,,,,,,,,,,,,,,,,,,,
,,,,,,,,,,,,,,,,,,,,,,,,,
,,,,,,,,,,,,,,,,,,,,,,,,,
,,,,,,,,,,,,,,,,,,,,,,,,,
,,,,,,,,,,,,,,,,,,,,,,,,,
,,,,,,,,,,,,,,,,,,,,,,,,,
,,,,,,,,,,,,,,,,,,,,,,,,,
,,,,,,,,,,,,,,,,,,,,,,,,,
,,,,,,,,,,,,,,,,,,,,,,,,,
,,,,,,,,,,,,,,,,,,,,,,,,,
,,,,,,,,,,,,,,,,,,,,,,,,,
,,,,,,,,,,,,,,,,,,,,,,,,,
,,,,,,,,,,,,,,,,,,,,,,,,,
,,,,,,,,,,,,,,,,,,,,,,,,,
,,,,,,,,,,,,,,,,,,,,,,,,,
,,,,,,,,,,,,,,,,,,,,,,,,,
,,,,,,,,,,,,,,,,,,,,,,,,,
,,,,,,,,,,,,,,,,,,,,,,,,,
,,,,,,,,,,,,,,,,,,,,,,,,,
,,,,,,,,,,,,,,,,,,,,,,,,,
,,,,,,,,,,,,,,,,,,,,,,,,,
,,,,,,,,,,,,,,,,,,,,,,,,,
,,,,,,,,,,,,,,,,,,,,,,,,,
,,,,,,,,,,,,,,,,,,,,,,,,,
,,,,,,,,,,,,,,,,,,,,,,,,,
,,,,,,,,,,,,,,,,,,,,,,,,,
,,,,,,,,,,,,,,,,,,,,,,,,,
,,,,,,,,,,,,,,,,,,,,,,,,,
,,,,,,,,,,,,,,,,,,,,,,,,,
,,,,,,,,,,,,,,,,,,,,,,,,,
,,,,,,,,,,,,,,,,,,,,,,,,,
,,,,,,,,,,,,,,,,,,,,,,,,,
,,,,,,,,,,,,,,,,,,,,,,,,,
,,,,,,,,,,,,,,,,,,,,,,,,,
,,,,,,,,,,,,,,,,,,,,,,,,,
,,,,,,,,,,,,,,,,,,,,,,,,,
,,,,,,,,,,,,,,,,,,,,,,,,,
,,,,,,,,,,,,,,,,,,,,,,,,,
,,,,,,,,,,,,,,,,,,,,,,,,,
,,,,,,,,,,,,,,,,,,,,,,,,,
,,,,,,,,,,,,,,,,,,,,,,,,,
,,,,,,,,,,,,,,,,,,,,,,,,,
,,,,,,,,,,,,,,,,,,,,,,,,,
,,,,,,,,,,,,,,,,,,,,,,,,,
,,,,,,,,,,,,,,,,,,,,,,,,,
,,,,,,,,,,,,,,,,,,,,,,,,,
,,,,,,,,,,,,,,,,,,,,,,,,,
,,,,,,,,,,,,,,,,,,,,,,,,,
,,,,,,,,,,,,,,,,,,,,,,,,,
,,,,,,,,,,,,,,,,,,,,,,,,,
,,,,,,,,,,,,,,,,,,,,,,,,,
,,,,,,,,,,,,,,,,,,,,,,,,,
,,,,,,,,,,,,,,,,,,,,,,,,,
,,,,,,,,,,,,,,,,,,,,,,,,,
,,,,,,,,,,,,,,,,,,,,,,,,,
,,,,,,,,,,,,,,,,,,,,,,,,,
,,,,,,,,,,,,,,,,,,,,,,,,,
,,,,,,,,,,,,,,,,,,,,,,,,,
,,,,,,,,,,,,,,,,,,,,,,,,,
,,,,,,,,,,,,,,,,,,,,,,,,,
,,,,,,,,,,,,,,,,,,,,,,,,,
,,,,,,,,,,,,,,,,,,,,,,,,,
,,,,,,,,,,,,,,,,,,,,,,,,,
,,,,,,,,,,,,,,,,,,,,,,,,,
,,,,,,,,,,,,,,,,,,,,,,,,,
,,,,,,,,,,,,,,,,,,,,,,,,,
,,,,,,,,,,,,,,,,,,,,,,,,,
,,,,,,,,,,,,,,,,,,,,,,,,,
,,,,,,,,,,,,,,,,,,,,,,,,,
,,,,,,,,,,,,,,,,,,,,,,,,,
,,,,,,,,,,,,,,,,,,,,,,,,,
,,,,,,,,,,,,,,,,,,,,,,,,,
,,,,,,,,,,,,,,,,,,,,,,,,,
,,,,,,,,,,,,,,,,,,,,,,,,,
,,,,,,,,,,,,,,,,,,,,,,,,,
,,,,,,,,,,,,,,,,,,,,,,,,,
,,,,,,,,,,,,,,,,,,,,,,,,,
,,,,,,,,,,,,,,,,,,,,,,,,,
,,,,,,,,,,,,,,,,,,,,,,,,,
,,,,,,,,,,,,,,,,,,,,,,,,,
,,,,,,,,,,,,,,,,,,,,,,,,,
,,,,,,,,,,,,,,,,,,,,,,,,,
,,,,,,,,,,,,,,,,,,,,,,,,,
,,,,,,,,,,,,,,,,,,,,,,,,,
,,,,,,,,,,,,,,,,,,,,,,,,,
,,,,,,,,,,,,,,,,,,,,,,,,,
,,,,,,,,,,,,,,,,,,,,,,,,,
,,,,,,,,,,,,,,,,,,,,,,,,,
,,,,,,,,,,,,,,,,,,,,,,,,,
,,,,,,,,,,,,,,,,,,,,,,,,,
,,,,,,,,,,,,,,,,,,,,,,,,,
,,,,,,,,,,,,,,,,,,,,,,,,,
,,,,,,,,,,,,,,,,,,,,,,,,,
,,,,,,,,,,,,,,,,,,,,,,,,,
,,,,,,,,,,,,,,,,,,,,,,,,,
,,,,,,,,,,,,,,,,,,,,,,,,,
,,,,,,,,,,,,,,,,,,,,,,,,,
,,,,,,,,,,,,,,,,,,,,,,,,,
,,,,,,,,,,,,,,,,,,,,,,,,,
,,,,,,,,,,,,,,,,,,,,,,,,,
,,,,,,,,,,,,,,,,,,,,,,,,,
,,,,,,,,,,,,,,,,,,,,,,,,,
,,,,,,,,,,,,,,,,,,,,,,,,,
,,,,,,,,,,,,,,,,,,,,,,,,,
,,,,,,,,,,,,,,,,,,,,,,,,,
,,,,,,,,,,,,,,,,,,,,,,,,,
,,,,,,,,,,,,,,,,,,,,,,,,,
,,,,,,,,,,,,,,,,,,,,,,,,,
,,,,,,,,,,,,,,,,,,,,,,,,,
,,,,,,,,,,,,,,,,,,,,,,,,,
,,,,,,,,,,,,,,,,,,,,,,,,,
,,,,,,,,,,,,,,,,,,,,,,,,,
,,,,,,,,,,,,,,,,,,,,,,,,,
,,,,,,,,,,,,,,,,,,,,,,,,,
,,,,,,,,,,,,,,,,,,,,,,,,,
,,,,,,,,,,,,,,,,,,,,,,,,,
,,,,,,,,,,,,,,,,,,,,,,,,,
,,,,,,,,,,,,,,,,,,,,,,,,,
,,,,,,,,,,,,,,,,,,,,,,,,,
,,,,,,,,,,,,,,,,,,,,,,,,,
,,,,,,,,,,,,,,,,,,,,,,,,,
,,,,,,,,,,,,,,,,,,,,,,,,,
,,,,,,,,,,,,,,,,,,,,,,,,,
,,,,,,,,,,,,,,,,,,,,,,,,,
,,,,,,,,,,,,,,,,,,,,,,,,,
,,,,,,,,,,,,,,,,,,,,,,,,,
,,,,,,,,,,,,,,,,,,,,,,,,,
,,,,,,,,,,,,,,,,,,,,,,,,,
,,,,,,,,,,,,,,,,,,,,,,,,,
,,,,,,,,,,,,,,,,,,,,,,,,,
,,,,,,,,,,,,,,,,,,,,,,,,,
,,,,,,,,,,,,,,,,,,,,,,,,,
,,,,,,,,,,,,,,,,,,,,,,,,,
,,,,,,,,,,,,,,,,,,,,,,,,,
,,,,,,,,,,,,,,,,,,,,,,,,,
,,,,,,,,,,,,,,,,,,,,,,,,,
,,,,,,,,,,,,,,,,,,,,,,,,,
,,,,,,,,,,,,,,,,,,,,,,,,,
,,,,,,,,,,,,,,,,,,,,,,,,,
,,,,,,,,,,,,,,,,,,,,,,,,,
,,,,,,,,,,,,,,,,,,,,,,,,,
,,,,,,,,,,,,,,,,,,,,,,,,,
,,,,,,,,,,,,,,,,,,,,,,,,,
,,,,,,,,,,,,,,,,,,,,,,,,,
,,,,,,,,,,,,,,,,,,,,,,,,,
,,,,,,,,,,,,,,,,,,,,,,,,,
,,,,,,,,,,,,,,,,,,,,,,,,,
,,,,,,,,,,,,,,,,,,,,,,,,,
,,,,,,,,,,,,,,,,,,,,,,,,,
,,,,,,,,,,,,,,,,,,,,,,,,,
,,,,,,,,,,,,,,,,,,,,,,,,,
,,,,,,,,,,,,,,,,,,,,,,,,,
,,,,,,,,,,,,,,,,,,,,,,,,,
,,,,,,,,,,,,,,,,,,,,,,,,,
,,,,,,,,,,,,,,,,,,,,,,,,,
,,,,,,,,,,,,,,,,,,,,,,,,,
,,,,,,,,,,,,,,,,,,,,,,,,,
,,,,,,,,,,,,,,,,,,,,,,,,,
,,,,,,,,,,,,,,,,,,,,,,,,,
,,,,,,,,,,,,,,,,,,,,,,,,,
,,,,,,,,,,,,,,,,,,,,,,,,,
,,,,,,,,,,,,,,,,,,,,,,,,,
,,,,,,,,,,,,,,,,,,,,,,,,,
,,,,,,,,,,,,,,,,,,,,,,,,,
,,,,,,,,,,,,,,,,,,,,,,,,,
,,,,,,,,,,,,,,,,,,,,,,,,,
,,,,,,,,,,,,,,,,,,,,,,,,,
,,,,,,,,,,,,,,,,,,,,,,,,,
,,,,,,,,,,,,,,,,,,,,,,,,,
,,,,,,,,,,,,,,,,,,,,,,,,,
,,,,,,,,,,,,,,,,,,,,,,,,,
,,,,,,,,,,,,,,,,,,,,,,,,,
,,,,,,,,,,,,,,,,,,,,,,,,,
,,,,,,,,,,,,,,,,,,,,,,,,,
,,,,,,,,,,,,,,,,,,,,,,,,,
,,,,,,,,,,,,,,,,,,,,,,,,,
,,,,,,,,,,,,,,,,,,,,,,,,,
,,,,,,,,,,,,,,,,,,,,,,,,,
,,,,,,,,,,,,,,,,,,,,,,,,,
,,,,,,,,,,,,,,,,,,,,,,,,,
,,,,,,,,,,,,,,,,,,,,,,,,,
,,,,,,,,,,,,,,,,,,,,,,,,,
,,,,,,,,,,,,,,,,,,,,,,,,,
,,,,,,,,,,,,,,,,,,,,,,,,,
,,,,,,,,,,,,,,,,,,,,,,,,,
,,,,,,,,,,,,,,,,,,,,,,,,,
,,,,,,,,,,,,,,,,,,,,,,,,,
,,,,,,,,,,,,,,,,,,,,,,,,,
,,,,,,,,,,,,,,,,,,,,,,,,,
,,,,,,,,,,,,,,,,,,,,,,,,,
,,,,,,,,,,,,,,,,,,,,,,,,,
,,,,,,,,,,,,,,,,,,,,,,,,,
,,,,,,,,,,,,,,,,,,,,,,,,,
,,,,,,,,,,,,,,,,,,,,,,,,,
,,,,,,,,,,,,,,,,,,,,,,,,,
,,,,,,,,,,,,,,,,,,,,,,,,,
,,,,,,,,,,,,,,,,,,,,,,,,,
,,,,,,,,,,,,,,,,,,,,,,,,,
,,,,,,,,,,,,,,,,,,,,,,,,,
,,,,,,,,,,,,,,,,,,,,,,,,,
,,,,,,,,,,,,,,,,,,,,,,,,,
,,,,,,,,,,,,,,,,,,,,,,,,,
,,,,,,,,,,,,,,,,,,,,,,,,,
,,,,,,,,,,,,,,,,,,,,,,,,,
,,,,,,,,,,,,,,,,,,,,,,,,,
,,,,,,,,,,,,,,,,,,,,,,,,,
,,,,,,,,,,,,,,,,,,,,,,,,,
,,,,,,,,,,,,,,,,,,,,,,,,,
,,,,,,,,,,,,,,,,,,,,,,,,,
,,,,,,,,,,,,,,,,,,,,,,,,,
,,,,,,,,,,,,,,,,,,,,,,,,,
,,,,,,,,,,,,,,,,,,,,,,,,,
,,,,,,,,,,,,,,,,,,,,,,,,,
,,,,,,,,,,,,,,,,,,,,,,,,,
,,,,,,,,,,,,,,,,,,,,,,,,,
,,,,,,,,,,,,,,,,,,,,,,,,,
,,,,,,,,,,,,,,,,,,,,,,,,,
,,,,,,,,,,,,,,,,,,,,,,,,,
,,,,,,,,,,,,,,,,,,,,,,,,,
,,,,,,,,,,,,,,,,,,,,,,,,,
,,,,,,,,,,,,,,,,,,,,,,,,,
,,,,,,,,,,,,,,,,,,,,,,,,,
,,,,,,,,,,,,,,,,,,,,,,,,,
,,,,,,,,,,,,,,,,,,,,,,,,,
,,,,,,,,,,,,,,,,,,,,,,,,,
,,,,,,,,,,,,,,,,,,,,,,,,,
,,,,,,,,,,,,,,,,,,,,,,,,,
,,,,,,,,,,,,,,,,,,,,,,,,,
,,,,,,,,,,,,,,,,,,,,,,,,,
,,,,,,,,,,,,,,,,,,,,,,,,,
,,,,,,,,,,,,,,,,,,,,,,,,,
,,,,,,,,,,,,,,,,,,,,,,,,,
,,,,,,,,,,,,,,,,,,,,,,,,,
,,,,,,,,,,,,,,,,,,,,,,,,,
,,,,,,,,,,,,,,,,,,,,,,,,,
,,,,,,,,,,,,,,,,,,,,,,,,,
,,,,,,,,,,,,,,,,,,,,,,,,,
,,,,,,,,,,,,,,,,,,,,,,,,,
,,,,,,,,,,,,,,,,,,,,,,,,,
,,,,,,,,,,,,,,,,,,,,,,,,,
,,,,,,,,,,,,,,,,,,,,,,,,,
,,,,,,,,,,,,,,,,,,,,,,,,,
,,,,,,,,,,,,,,,,,,,,,,,,,
,,,,,,,,,,,,,,,,,,,,,,,,,
,,,,,,,,,,,,,,,,,,,,,,,,,
,,,,,,,,,,,,,,,,,,,,,,,,,
,,,,,,,,,,,,,,,,,,,,,,,,,
,,,,,,,,,,,,,,,,,,,,,,,,,
,,,,,,,,,,,,,,,,,,,,,,,,,
,,,,,,,,,,,,,,,,,,,,,,,,,
,,,,,,,,,,,,,,,,,,,,,,,,,
,,,,,,,,,,,,,,,,,,,,,,,,,
,,,,,,,,,,,,,,,,,,,,,,,,,
,,,,,,,,,,,,,,,,,,,,,,,,,
,,,,,,,,,,,,,,,,,,,,,,,,,
,,,,,,,,,,,,,,,,,,,,,,,,,
,,,,,,,,,,,,,,,,,,,,,,,,,
,,,,,,,,,,,,,,,,,,,,,,,,,
,,,,,,,,,,,,,,,,,,,,,,,,,
,,,,,,,,,,,,,,,,,,,,,,,,,
,,,,,,,,,,,,,,,,,,,,,,,,,
,,,,,,,,,,,,,,,,,,,,,,,,,
,,,,,,,,,,,,,,,,,,,,,,,,,
,,,,,,,,,,,,,,,,,,,,,,,,,
,,,,,,,,,,,,,,,,,,,,,,,,,
,,,,,,,,,,,,,,,,,,,,,,,,,
,,,,,,,,,,,,,,,,,,,,,,,,,
,,,,,,,,,,,,,,,,,,,,,,,,,
,,,,,,,,,,,,,,,,,,,,,,,,,
,,,,,,,,,,,,,,,,,,,,,,,,,
,,,,,,,,,,,,,,,,,,,,,,,,,
,,,,,,,,,,,,,,,,,,,,,,,,,
,,,,,,,,,,,,,,,,,,,,,,,,,
,,,,,,,,,,,,,,,,,,,,,,,,,
,,,,,,,,,,,,,,,,,,,,,,,,,
,,,,,,,,,,,,,,,,,,,,,,,,,
,,,,,,,,,,,,,,,,,,,,,,,,,
,,,,,,,,,,,,,,,,,,,,,,,,,
,,,,,,,,,,,,,,,,,,,,,,,,,
,,,,,,,,,,,,,,,,,,,,,,,,,
,,,,,,,,,,,,,,,,,,,,,,,,,
,,,,,,,,,,,,,,,,,,,,,,,,,
,,,,,,,,,,,,,,,,,,,,,,,,,
,,,,,,,,,,,,,,,,,,,,,,,,,
,,,,,,,,,,,,,,,,,,,,,,,,,
,,,,,,,,,,,,,,,,,,,,,,,,,
,,,,,,,,,,,,,,,,,,,,,,,,,
,,,,,,,,,,,,,,,,,,,,,,,,,
,,,,,,,,,,,,,,,,,,,,,,,,,
,,,,,,,,,,,,,,,,,,,,,,,,,
,,,,,,,,,,,,,,,,,,,,,,,,,
,,,,,,,,,,,,,,,,,,,,,,,,,
,,,,,,,,,,,,,,,,,,,,,,,,,
,,,,,,,,,,,,,,,,,,,,,,,,,
,,,,,,,,,,,,,,,,,,,,,,,,,
,,,,,,,,,,,,,,,,,,,,,,,,,
,,,,,,,,,,,,,,,,,,,,,,,,,
,,,,,,,,,,,,,,,,,,,,,,,,,
,,,,,,,,,,,,,,,,,,,,,,,,,
,,,,,,,,,,,,,,,,,,,,,,,,,
,,,,,,,,,,,,,,,,,,,,,,,,,
,,,,,,,,,,,,,,,,,,,,,,,,,
,,,,,,,,,,,,,,,,,,,,,,,,,
,,,,,,,,,,,,,,,,,,,,,,,,,
,,,,,,,,,,,,,,,,,,,,,,,,,
,,,,,,,,,,,,,,,,,,,,,,,,,
,,,,,,,,,,,,,,,,,,,,,,,,,
,,,,,,,,,,,,,,,,,,,,,,,,,
,,,,,,,,,,,,,,,,,,,,,,,,,
,,,,,,,,,,,,,,,,,,,,,,,,,
,,,,,,,,,,,,,,,,,,,,,,,,,
,,,,,,,,,,,,,,,,,,,,,,,,,
,,,,,,,,,,,,,,,,,,,,,,,,,
,,,,,,,,,,,,,,,,,,,,,,,,,
,,,,,,,,,,,,,,,,,,,,,,,,,
,,,,,,,,,,,,,,,,,,,,,,,,,
,,,,,,,,,,,,,,,,,,,,,,,,,
,,,,,,,,,,,,,,,,,,,,,,,,,
,,,,,,,,,,,,,,,,,,,,,,,,,
,,,,,,,,,,,,,,,,,,,,,,,,,
,,,,,,,,,,,,,,,,,,,,,,,,,
,,,,,,,,,,,,,,,,,,,,,,,,,
,,,,,,,,,,,,,,,,,,,,,,,,,
,,,,,,,,,,,,,,,,,,,,,,,,,
,,,,,,,,,,,,,,,,,,,,,,,,,
,,,,,,,,,,,,,,,,,,,,,,,,,
,,,,,,,,,,,,,,,,,,,,,,,,,
,,,,,,,,,,,,,,,,,,,,,,,,,
,,,,,,,,,,,,,,,,,,,,,,,,,
,,,,,,,,,,,,,,,,,,,,,,,,,
,,,,,,,,,,,,,,,,,,,,,,,,,
,,,,,,,,,,,,,,,,,,,,,,,,,
,,,,,,,,,,,,,,,,,,,,,,,,,
,,,,,,,,,,,,,,,,,,,,,,,,,
,,,,,,,,,,,,,,,,,,,,,,,,,
,,,,,,,,,,,,,,,,,,,,,,,,,
,,,,,,,,,,,,,,,,,,,,,,,,,
,,,,,,,,,,,,,,,,,,,,,,,,,
,,,,,,,,,,,,,,,,,,,,,,,,,
,,,,,,,,,,,,,,,,,,,,,,,,,
,,,,,,,,,,,,,,,,,,,,,,,,,
,,,,,,,,,,,,,,,,,,,,,,,,,
,,,,,,,,,,,,,,,,,,,,,,,,,
,,,,,,,,,,,,,,,,,,,,,,,,,
,,,,,,,,,,,,,,,,,,,,,,,,,
,,,,,,,,,,,,,,,,,,,,,,,,,
,,,,,,,,,,,,,,,,,,,,,,,,,
,,,,,,,,,,,,,,,,,,,,,,,,,
,,,,,,,,,,,,,,,,,,,,,,,,,
,,,,,,,,,,,,,,,,,,,,,,,,,
,,,,,,,,,,,,,,,,,,,,,,,,,
,,,,,,,,,,,,,,,,,,,,,,,,,
,,,,,,,,,,,,,,,,,,,,,,,,,
,,,,,,,,,,,,,,,,,,,,,,,,,
,,,,,,,,,,,,,,,,,,,,,,,,,
,,,,,,,,,,,,,,,,,,,,,,,,,
,,,,,,,,,,,,,,,,,,,,,,,,,
,,,,,,,,,,,,,,,,,,,,,,,,,
,,,,,,,,,,,,,,,,,,,,,,,,,
,,,,,,,,,,,,,,,,,,,,,,,,,
,,,,,,,,,,,,,,,,,,,,,,,,,
,,,,,,,,,,,,,,,,,,,,,,,,,
,,,,,,,,,,,,,,,,,,,,,,,,,
,,,,,,,,,,,,,,,,,,,,,,,,,
,,,,,,,,,,,,,,,,,,,,,,,,,
,,,,,,,,,,,,,,,,,,,,,,,,,
,,,,,,,,,,,,,,,,,,,,,,,,,
,,,,,,,,,,,,,,,,,,,,,,,,,
,,,,,,,,,,,,,,,,,,,,,,,,,
,,,,,,,,,,,,,,,,,,,,,,,,,
,,,,,,,,,,,,,,,,,,,,,,,,,
,,,,,,,,,,,,,,,,,,,,,,,,,
,,,,,,,,,,,,,,,,,,,,,,,,,
,,,,,,,,,,,,,,,,,,,,,,,,,
,,,,,,,,,,,,,,,,,,,,,,,,,
,,,,,,,,,,,,,,,,,,,,,,,,,
,,,,,,,,,,,,,,,,,,,,,,,,,
,,,,,,,,,,,,,,,,,,,,,,,,,
,,,,,,,,,,,,,,,,,,,,,,,,,
,,,,,,,,,,,,,,,,,,,,,,,,,
,,,,,,,,,,,,,,,,,,,,,,,,,
,,,,,,,,,,,,,,,,,,,,,,,,,
,,,,,,,,,,,,,,,,,,,,,,,,,
,,,,,,,,,,,,,,,,,,,,,,,,,
,,,,,,,,,,,,,,,,,,,,,,,,,
,,,,,,,,,,,,,,,,,,,,,,,,,
,,,,,,,,,,,,,,,,,,,,,,,,,
,,,,,,,,,,,,,,,,,,,,,,,,,
,,,,,,,,,,,,,,,,,,,,,,,,,
,,,,,,,,,,,,,,,,,,,,,,,,,
,,,,,,,,,,,,,,,,,,,,,,,,,
,,,,,,,,,,,,,,,,,,,,,,,,,
,,,,,,,,,,,,,,,,,,,,,,,,,
,,,,,,,,,,,,,,,,,,,,,,,,,
,,,,,,,,,,,,,,,,,,,,,,,,,
,,,,,,,,,,,,,,,,,,,,,,,,,
,,,,,,,,,,,,,,,,,,,,,,,,,
,,,,,,,,,,,,,,,,,,,,,,,,,
,,,,,,,,,,,,,,,,,,,,,,,,,
,,,,,,,,,,,,,,,,,,,,,,,,,
,,,,,,,,,,,,,,,,,,,,,,,,,
,,,,,,,,,,,,,,,,,,,,,,,,,
,,,,,,,,,,,,,,,,,,,,,,,,,
,,,,,,,,,,,,,,,,,,,,,,,,,
,,,,,,,,,,,,,,,,,,,,,,,,,
,,,,,,,,,,,,,,,,,,,,,,,,,
,,,,,,,,,,,,,,,,,,,,,,,,,
,,,,,,,,,,,,,,,,,,,,,,,,,
,,,,,,,,,,,,,,,,,,,,,,,,,
,,,,,,,,,,,,,,,,,,,,,,,,,
,,,,,,,,,,,,,,,,,,,,,,,,,
,,,,,,,,,,,,,,,,,,,,,,,,,
,,,,,,,,,,,,,,,,,,,,,,,,,
,,,,,,,,,,,,,,,,,,,,,,,,,
,,,,,,,,,,,,,,,,,,,,,,,,,
,,,,,,,,,,,,,,,,,,,,,,,,,
,,,,,,,,,,,,,,,,,,,,,,,,,
,,,,,,,,,,,,,,,,,,,,,,,,,
,,,,,,,,,,,,,,,,,,,,,,,,,
,,,,,,,,,,,,,,,,,,,,,,,,,
,,,,,,,,,,,,,,,,,,,,,,,,,
,,,,,,,,,,,,,,,,,,,,,,,,,
,,,,,,,,,,,,,,,,,,,,,,,,,
,,,,,,,,,,,,,,,,,,,,,,,,,
,,,,,,,,,,,,,,,,,,,,,,,,,
,,,,,,,,,,,,,,,,,,,,,,,,,
,,,,,,,,,,,,,,,,,,,,,,,,,
,,,,,,,,,,,,,,,,,,,,,,,,,
,,,,,,,,,,,,,,,,,,,,,,,,,
,,,,,,,,,,,,,,,,,,,,,,,,,
,,,,,,,,,,,,,,,,,,,,,,,,,
,,,,,,,,,,,,,,,,,,,,,,,,,
,,,,,,,,,,,,,,,,,,,,,,,,,
,,,,,,,,,,,,,,,,,,,,,,,,,
,,,,,,,,,,,,,,,,,,,,,,,,,
,,,,,,,,,,,,,,,,,,,,,,,,,
,,,,,,,,,,,,,,,,,,,,,,,,,
,,,,,,,,,,,,,,,,,,,,,,,,,
,,,,,,,,,,,,,,,,,,,,,,,,,
,,,,,,,,,,,,,,,,,,,,,,,,,
,,,,,,,,,,,,,,,,,,,,,,,,,
,,,,,,,,,,,,,,,,,,,,,,,,,
,,,,,,,,,,,,,,,,,,,,,,,,,
,,,,,,,,,,,,,,,,,,,,,,,,,
,,,,,,,,,,,,,,,,,,,,,,,,,
,,,,,,,,,,,,,,,,,,,,,,,,,
,,,,,,,,,,,,,,,,,,,,,,,,,
,,,,,,,,,,,,,,,,,,,,,,,,,
,,,,,,,,,,,,,,,,,,,,,,,,,
,,,,,,,,,,,,,,,,,,,,,,,,,
,,,,,,,,,,,,,,,,,,,,,,,,,
,,,,,,,,,,,,,,,,,,,,,,,,,
,,,,,,,,,,,,,,,,,,,,,,,,,
,,,,,,,,,,,,,,,,,,,,,,,,,
,,,,,,,,,,,,,,,,,,,,,,,,,
,,,,,,,,,,,,,,,,,,,,,,,,,
,,,,,,,,,,,,,,,,,,,,,,,,,
,,,,,,,,,,,,,,,,,,,,,,,,,
,,,,,,,,,,,,,,,,,,,,,,,,,
,,,,,,,,,,,,,,,,,,,,,,,,,
,,,,,,,,,,,,,,,,,,,,,,,,,
,,,,,,,,,,,,,,,,,,,,,,,,,
,,,,,,,,,,,,,,,,,,,,,,,,,
,,,,,,,,,,,,,,,,,,,,,,,,,
,,,,,,,,,,,,,,,,,,,,,,,,,
,,,,,,,,,,,,,,,,,,,,,,,,,
,,,,,,,,,,,,,,,,,,,,,,,,,
,,,,,,,,,,,,,,,,,,,,,,,,,
,,,,,,,,,,,,,,,,,,,,,,,,,
,,,,,,,,,,,,,,,,,,,,,,,,,
,,,,,,,,,,,,,,,,,,,,,,,,,
,,,,,,,,,,,,,,,,,,,,,,,,,
,,,,,,,,,,,,,,,,,,,,,,,,,
,,,,,,,,,,,,,,,,,,,,,,,,,
,,,,,,,,,,,,,,,,,,,,,,,,,
,,,,,,,,,,,,,,,,,,,,,,,,,
,,,,,,,,,,,,,,,,,,,,,,,,,
,,,,,,,,,,,,,,,,,,,,,,,,,
,,,,,,,,,,,,,,,,,,,,,,,,,
,,,,,,,,,,,,,,,,,,,,,,,,,
,,,,,,,,,,,,,,,,,,,,,,,,,
,,,,,,,,,,,,,,,,,,,,,,,,,
,,,,,,,,,,,,,,,,,,,,,,,,,
,,,,,,,,,,,,,,,,,,,,,,,,,
,,,,,,,,,,,,,,,,,,,,,,,,,
,,,,,,,,,,,,,,,,,,,,,,,,,
,,,,,,,,,,,,,,,,,,,,,,,,,
,,,,,,,,,,,,,,,,,,,,,,,,,
,,,,,,,,,,,,,,,,,,,,,,,,,
,,,,,,,,,,,,,,,,,,,,,,,,,
,,,,,,,,,,,,,,,,,,,,,,,,,
,,,,,,,,,,,,,,,,,,,,,,,,,
,,,,,,,,,,,,,,,,,,,,,,,,,
,,,,,,,,,,,,,,,,,,,,,,,,,
,,,,,,,,,,,,,,,,,,,,,,,,,
,,,,,,,,,,,,,,,,,,,,,,,,,
,,,,,,,,,,,,,,,,,,,,,,,,,
,,,,,,,,,,,,,,,,,,,,,,,,,
,,,,,,,,,,,,,,,,,,,,,,,,,
,,,,,,,,,,,,,,,,,,,,,,,,,
,,,,,,,,,,,,,,,,,,,,,,,,,
,,,,,,,,,,,,,,,,,,,,,,,,,
,,,,,,,,,,,,,,,,,,,,,,,,,
,,,,,,,,,,,,,,,,,,,,,,,,,
,,,,,,,,,,,,,,,,,,,,,,,,,
,,,,,,,,,,,,,,,,,,,,,,,,,
,,,,,,,,,,,,,,,,,,,,,,,,,
,,,,,,,,,,,,,,,,,,,,,,,,,
,,,,,,,,,,,,,,,,,,,,,,,,,
,,,,,,,,,,,,,,,,,,,,,,,,,
,,,,,,,,,,,,,,,,,,,,,,,,,
,,,,,,,,,,,,,,,,,,,,,,,,,
,,,,,,,,,,,,,,,,,,,,,,,,,
,,,,,,,,,,,,,,,,,,,,,,,,,
,,,,,,,,,,,,,,,,,,,,,,,,,
,,,,,,,,,,,,,,,,,,,,,,,,,
,,,,,,,,,,,,,,,,,,,,,,,,,
,,,,,,,,,,,,,,,,,,,,,,,,,
,,,,,,,,,,,,,,,,,,,,,,,,,
,,,,,,,,,,,,,,,,,,,,,,,,,
,,,,,,,,,,,,,,,,,,,,,,,,,
,,,,,,,,,,,,,,,,,,,,,,,,,
,,,,,,,,,,,,,,,,,,,,,,,,,
,,,,,,,,,,,,,,,,,,,,,,,,,
,,,,,,,,,,,,,,,,,,,,,,,,,
,,,,,,,,,,,,,,,,,,,,,,,,,
,,,,,,,,,,,,,,,,,,,,,,,,,
,,,,,,,,,,,,,,,,,,,,,,,,,
,,,,,,,,,,,,,,,,,,,,,,,,,
,,,,,,,,,,,,,,,,,,,,,,,,,
,,,,,,,,,,,,,,,,,,,,,,,,,
,,,,,,,,,,,,,,,,,,,,,,,,,
,,,,,,,,,,,,,,,,,,,,,,,,,
,,,,,,,,,,,,,,,,,,,,,,,,,
,,,,,,,,,,,,,,,,,,,,,,,,,
,,,,,,,,,,,,,,,,,,,,,,,,,
,,,,,,,,,,,,,,,,,,,,,,,,,
,,,,,,,,,,,,,,,,,,,,,,,,,
,,,,,,,,,,,,,,,,,,,,,,,,,
,,,,,,,,,,,,,,,,,,,,,,,,,
,,,,,,,,,,,,,,,,,,,,,,,,,
,,,,,,,,,,,,,,,,,,,,,,,,,
,,,,,,,,,,,,,,,,,,,,,,,,,
,,,,,,,,,,,,,,,,,,,,,,,,,
,,,,,,,,,,,,,,,,,,,,,,,,,
,,,,,,,,,,,,,,,,,,,,,,,,,
,,,,,,,,,,,,,,,,,,,,,,,,,
,,,,,,,,,,,,,,,,,,,,,,,,,
,,,,,,,,,,,,,,,,,,,,,,,,,
,,,,,,,,,,,,,,,,,,,,,,,,,
,,,,,,,,,,,,,,,,,,,,,,,,,
,,,,,,,,,,,,,,,,,,,,,,,,,
,,,,,,,,,,,,,,,,,,,,,,,,,
,,,,,,,,,,,,,,,,,,,,,,,,,
,,,,,,,,,,,,,,,,,,,,,,,,,
,,,,,,,,,,,,,,,,,,,,,,,,,
,,,,,,,,,,,,,,,,,,,,,,,,,
,,,,,,,,,,,,,,,,,,,,,,,,,
,,,,,,,,,,,,,,,,,,,,,,,,,
,,,,,,,,,,,,,,,,,,,,,,,,,
,,,,,,,,,,,,,,,,,,,,,,,,,
,,,,,,,,,,,,,,,,,,,,,,,,,
,,,,,,,,,,,,,,,,,,,,,,,,,
,,,,,,,,,,,,,,,,,,,,,,,,,
,,,,,,,,,,,,,,,,,,,,,,,,,
,,,,,,,,,,,,,,,,,,,,,,,,,
,,,,,,,,,,,,,,,,,,,,,,,,,
,,,,,,,,,,,,,,,,,,,,,,,,,
,,,,,,,,,,,,,,,,,,,,,,,,,
,,,,,,,,,,,,,,,,,,,,,,,,,
,,,,,,,,,,,,,,,,,,,,,,,,,
,,,,,,,,,,,,,,,,,,,,,,,,,
,,,,,,,,,,,,,,,,,,,,,,,,,
,,,,,,,,,,,,,,,,,,,,,,,,,
,,,,,,,,,,,,,,,,,,,,,,,,,
,,,,,,,,,,,,,,,,,,,,,,,,,
,,,,,,,,,,,,,,,,,,,,,,,,,
,,,,,,,,,,,,,,,,,,,,,,,,,
,,,,,,,,,,,,,,,,,,,,,,,,,
,,,,,,,,,,,,,,,,,,,,,,,,,
,,,,,,,,,,,,,,,,,,,,,,,,,
,,,,,,,,,,,,,,,,,,,,,,,,,
,,,,,,,,,,,,,,,,,,,,,,,,,
,,,,,,,,,,,,,,,,,,,,,,,,,
,,,,,,,,,,,,,,,,,,,,,,,,,
,,,,,,,,,,,,,,,,,,,,,,,,,
,,,,,,,,,,,,,,,,,,,,,,,,,
,,,,,,,,,,,,,,,,,,,,,,,,,
,,,,,,,,,,,,,,,,,,,,,,,,,
,,,,,,,,,,,,,,,,,,,,,,,,,
,,,,,,,,,,,,,,,,,,,,,,,,,
,,,,,,,,,,,,,,,,,,,,,,,,,
,,,,,,,,,,,,,,,,,,,,,,,,,
,,,,,,,,,,,,,,,,,,,,,,,,,
,,,,,,,,,,,,,,,,,,,,,,,,,
,,,,,,,,,,,,,,,,,,,,,,,,,
,,,,,,,,,,,,,,,,,,,,,,,,,
,,,,,,,,,,,,,,,,,,,,,,,,,
,,,,,,,,,,,,,,,,,,,,,,,,,
,,,,,,,,,,,,,,,,,,,,,,,,,
,,,,,,,,,,,,,,,,,,,,,,,,,
,,,,,,,,,,,,,,,,,,,,,,,,,
,,,,,,,,,,,,,,,,,,,,,,,,,
,,,,,,,,,,,,,,,,,,,,,,,,,
,,,,,,,,,,,,,,,,,,,,,,,,,
,,,,,,,,,,,,,,,,,,,,,,,,,
,,,,,,,,,,,,,,,,,,,,,,,,,
,,,,,,,,,,,,,,,,,,,,,,,,,
,,,,,,,,,,,,,,,,,,,,,,,,,
,,,,,,,,,,,,,,,,,,,,,,,,,
,,,,,,,,,,,,,,,,,,,,,,,,,
,,,,,,,,,,,,,,,,,,,,,,,,,
,,,,,,,,,,,,,,,,,,,,,,,,,
,,,,,,,,,,,,,,,,,,,,,,,,,
,,,,,,,,,,,,,,,,,,,,,,,,,
,,,,,,,,,,,,,,,,,,,,,,,,,
,,,,,,,,,,,,,,,,,,,,,,,,,
,,,,,,,,,,,,,,,,,,,,,,,,,
